DateKey,Date,Year,Quarter,QuarterNumber,Month,MonthNumber,MonthShort,Week,DayOfWeek,DayOfMonth,IsWeekend,FiscalYear,FiscalQuarter,YearMonth
20230101,2023-01-01,2023,Q1,1,January,1,Jan,52,Sunday,1,1,FY2022,FQ2,2023-01
20230102,2023-01-02,2023,Q1,1,January,1,Jan,1,Monday,2,0,FY2022,FQ2,2023-01
20230103,2023-01-03,2023,Q1,1,January,1,Jan,1,Tuesday,3,0,FY2022,FQ2,2023-01
20230104,2023-01-04,2023,Q1,1,January,1,Jan,1,Wednesday,4,0,FY2022,FQ2,2023-01
20230105,2023-01-05,2023,Q1,1,January,1,Jan,1,Thursday,5,0,FY2022,FQ2,2023-01
20230106,2023-01-06,2023,Q1,1,January,1,Jan,1,Friday,6,0,FY2022,FQ2,2023-01
20230107,2023-01-07,2023,Q1,1,January,1,Jan,1,Saturday,7,1,FY2022,FQ2,2023-01
20230108,2023-01-08,2023,Q1,1,January,1,Jan,1,Sunday,8,1,FY2022,FQ2,2023-01
20230109,2023-01-09,2023,Q1,1,January,1,Jan,2,Monday,9,0,FY2022,FQ2,2023-01
20230110,2023-01-10,2023,Q1,1,January,1,Jan,2,Tuesday,10,0,FY2022,FQ2,2023-01
20230111,2023-01-11,2023,Q1,1,January,1,Jan,2,Wednesday,11,0,FY2022,FQ2,2023-01
20230112,2023-01-12,2023,Q1,1,January,1,Jan,2,Thursday,12,0,FY2022,FQ2,2023-01
20230113,2023-01-13,2023,Q1,1,January,1,Jan,2,Friday,13,0,FY2022,FQ2,2023-01
20230114,2023-01-14,2023,Q1,1,January,1,Jan,2,Saturday,14,1,FY2022,FQ2,2023-01
20230115,2023-01-15,2023,Q1,1,January,1,Jan,2,Sunday,15,1,FY2022,FQ2,2023-01
20230116,2023-01-16,2023,Q1,1,January,1,Jan,3,Monday,16,0,FY2022,FQ2,2023-01
20230117,2023-01-17,2023,Q1,1,January,1,Jan,3,Tuesday,17,0,FY2022,FQ2,2023-01
20230118,2023-01-18,2023,Q1,1,January,1,Jan,3,Wednesday,18,0,FY2022,FQ2,2023-01
20230119,2023-01-19,2023,Q1,1,January,1,Jan,3,Thursday,19,0,FY2022,FQ2,2023-01
20230120,2023-01-20,2023,Q1,1,January,1,Jan,3,Friday,20,0,FY2022,FQ2,2023-01
20230121,2023-01-21,2023,Q1,1,January,1,Jan,3,Saturday,21,1,FY2022,FQ2,2023-01
20230122,2023-01-22,2023,Q1,1,January,1,Jan,3,Sunday,22,1,FY2022,FQ2,2023-01
20230123,2023-01-23,2023,Q1,1,January,1,Jan,4,Monday,23,0,FY2022,FQ2,2023-01
20230124,2023-01-24,2023,Q1,1,January,1,Jan,4,Tuesday,24,0,FY2022,FQ2,2023-01
20230125,2023-01-25,2023,Q1,1,January,1,Jan,4,Wednesday,25,0,FY2022,FQ2,2023-01
20230126,2023-01-26,2023,Q1,1,January,1,Jan,4,Thursday,26,0,FY2022,FQ2,2023-01
20230127,2023-01-27,2023,Q1,1,January,1,Jan,4,Friday,27,0,FY2022,FQ2,2023-01
20230128,2023-01-28,2023,Q1,1,January,1,Jan,4,Saturday,28,1,FY2022,FQ2,2023-01
20230129,2023-01-29,2023,Q1,1,January,1,Jan,4,Sunday,29,1,FY2022,FQ2,2023-01
20230130,2023-01-30,2023,Q1,1,January,1,Jan,5,Monday,30,0,FY2022,FQ2,2023-01
20230131,2023-01-31,2023,Q1,1,January,1,Jan,5,Tuesday,31,0,FY2022,FQ2,2023-01
20230201,2023-02-01,2023,Q1,1,February,2,Feb,5,Wednesday,1,0,FY2022,FQ2,2023-02
20230202,2023-02-02,2023,Q1,1,February,2,Feb,5,Thursday,2,0,FY2022,FQ2,2023-02
20230203,2023-02-03,2023,Q1,1,February,2,Feb,5,Friday,3,0,FY2022,FQ2,2023-02
20230204,2023-02-04,2023,Q1,1,February,2,Feb,5,Saturday,4,1,FY2022,FQ2,2023-02
20230205,2023-02-05,2023,Q1,1,February,2,Feb,5,Sunday,5,1,FY2022,FQ2,2023-02
20230206,2023-02-06,2023,Q1,1,February,2,Feb,6,Monday,6,0,FY2022,FQ2,2023-02
20230207,2023-02-07,2023,Q1,1,February,2,Feb,6,Tuesday,7,0,FY2022,FQ2,2023-02
20230208,2023-02-08,2023,Q1,1,February,2,Feb,6,Wednesday,8,0,FY2022,FQ2,2023-02
20230209,2023-02-09,2023,Q1,1,February,2,Feb,6,Thursday,9,0,FY2022,FQ2,2023-02
20230210,2023-02-10,2023,Q1,1,February,2,Feb,6,Friday,10,0,FY2022,FQ2,2023-02
20230211,2023-02-11,2023,Q1,1,February,2,Feb,6,Saturday,11,1,FY2022,FQ2,2023-02
20230212,2023-02-12,2023,Q1,1,February,2,Feb,6,Sunday,12,1,FY2022,FQ2,2023-02
20230213,2023-02-13,2023,Q1,1,February,2,Feb,7,Monday,13,0,FY2022,FQ2,2023-02
20230214,2023-02-14,2023,Q1,1,February,2,Feb,7,Tuesday,14,0,FY2022,FQ2,2023-02
20230215,2023-02-15,2023,Q1,1,February,2,Feb,7,Wednesday,15,0,FY2022,FQ2,2023-02
20230216,2023-02-16,2023,Q1,1,February,2,Feb,7,Thursday,16,0,FY2022,FQ2,2023-02
20230217,2023-02-17,2023,Q1,1,February,2,Feb,7,Friday,17,0,FY2022,FQ2,2023-02
20230218,2023-02-18,2023,Q1,1,February,2,Feb,7,Saturday,18,1,FY2022,FQ2,2023-02
20230219,2023-02-19,2023,Q1,1,February,2,Feb,7,Sunday,19,1,FY2022,FQ2,2023-02
20230220,2023-02-20,2023,Q1,1,February,2,Feb,8,Monday,20,0,FY2022,FQ2,2023-02
20230221,2023-02-21,2023,Q1,1,February,2,Feb,8,Tuesday,21,0,FY2022,FQ2,2023-02
20230222,2023-02-22,2023,Q1,1,February,2,Feb,8,Wednesday,22,0,FY2022,FQ2,2023-02
20230223,2023-02-23,2023,Q1,1,February,2,Feb,8,Thursday,23,0,FY2022,FQ2,2023-02
20230224,2023-02-24,2023,Q1,1,February,2,Feb,8,Friday,24,0,FY2022,FQ2,2023-02
20230225,2023-02-25,2023,Q1,1,February,2,Feb,8,Saturday,25,1,FY2022,FQ2,2023-02
20230226,2023-02-26,2023,Q1,1,February,2,Feb,8,Sunday,26,1,FY2022,FQ2,2023-02
20230227,2023-02-27,2023,Q1,1,February,2,Feb,9,Monday,27,0,FY2022,FQ2,2023-02
20230228,2023-02-28,2023,Q1,1,February,2,Feb,9,Tuesday,28,0,FY2022,FQ2,2023-02
20230301,2023-03-01,2023,Q1,1,March,3,Mar,9,Wednesday,1,0,FY2022,FQ2,2023-03
20230302,2023-03-02,2023,Q1,1,March,3,Mar,9,Thursday,2,0,FY2022,FQ2,2023-03
20230303,2023-03-03,2023,Q1,1,March,3,Mar,9,Friday,3,0,FY2022,FQ2,2023-03
20230304,2023-03-04,2023,Q1,1,March,3,Mar,9,Saturday,4,1,FY2022,FQ2,2023-03
20230305,2023-03-05,2023,Q1,1,March,3,Mar,9,Sunday,5,1,FY2022,FQ2,2023-03
20230306,2023-03-06,2023,Q1,1,March,3,Mar,10,Monday,6,0,FY2022,FQ2,2023-03
20230307,2023-03-07,2023,Q1,1,March,3,Mar,10,Tuesday,7,0,FY2022,FQ2,2023-03
20230308,2023-03-08,2023,Q1,1,March,3,Mar,10,Wednesday,8,0,FY2022,FQ2,2023-03
20230309,2023-03-09,2023,Q1,1,March,3,Mar,10,Thursday,9,0,FY2022,FQ2,2023-03
20230310,2023-03-10,2023,Q1,1,March,3,Mar,10,Friday,10,0,FY2022,FQ2,2023-03
20230311,2023-03-11,2023,Q1,1,March,3,Mar,10,Saturday,11,1,FY2022,FQ2,2023-03
20230312,2023-03-12,2023,Q1,1,March,3,Mar,10,Sunday,12,1,FY2022,FQ2,2023-03
20230313,2023-03-13,2023,Q1,1,March,3,Mar,11,Monday,13,0,FY2022,FQ2,2023-03
20230314,2023-03-14,2023,Q1,1,March,3,Mar,11,Tuesday,14,0,FY2022,FQ2,2023-03
20230315,2023-03-15,2023,Q1,1,March,3,Mar,11,Wednesday,15,0,FY2022,FQ2,2023-03
20230316,2023-03-16,2023,Q1,1,March,3,Mar,11,Thursday,16,0,FY2022,FQ2,2023-03
20230317,2023-03-17,2023,Q1,1,March,3,Mar,11,Friday,17,0,FY2022,FQ2,2023-03
20230318,2023-03-18,2023,Q1,1,March,3,Mar,11,Saturday,18,1,FY2022,FQ2,2023-03
20230319,2023-03-19,2023,Q1,1,March,3,Mar,11,Sunday,19,1,FY2022,FQ2,2023-03
20230320,2023-03-20,2023,Q1,1,March,3,Mar,12,Monday,20,0,FY2022,FQ2,2023-03
20230321,2023-03-21,2023,Q1,1,March,3,Mar,12,Tuesday,21,0,FY2022,FQ2,2023-03
20230322,2023-03-22,2023,Q1,1,March,3,Mar,12,Wednesday,22,0,FY2022,FQ2,2023-03
20230323,2023-03-23,2023,Q1,1,March,3,Mar,12,Thursday,23,0,FY2022,FQ2,2023-03
20230324,2023-03-24,2023,Q1,1,March,3,Mar,12,Friday,24,0,FY2022,FQ2,2023-03
20230325,2023-03-25,2023,Q1,1,March,3,Mar,12,Saturday,25,1,FY2022,FQ2,2023-03
20230326,2023-03-26,2023,Q1,1,March,3,Mar,12,Sunday,26,1,FY2022,FQ2,2023-03
20230327,2023-03-27,2023,Q1,1,March,3,Mar,13,Monday,27,0,FY2022,FQ2,2023-03
20230328,2023-03-28,2023,Q1,1,March,3,Mar,13,Tuesday,28,0,FY2022,FQ2,2023-03
20230329,2023-03-29,2023,Q1,1,March,3,Mar,13,Wednesday,29,0,FY2022,FQ2,2023-03
20230330,2023-03-30,2023,Q1,1,March,3,Mar,13,Thursday,30,0,FY2022,FQ2,2023-03
20230331,2023-03-31,2023,Q1,1,March,3,Mar,13,Friday,31,0,FY2022,FQ2,2023-03
20230401,2023-04-01,2023,Q2,2,April,4,Apr,13,Saturday,1,1,FY2023,FQ3,2023-04
20230402,2023-04-02,2023,Q2,2,April,4,Apr,13,Sunday,2,1,FY2023,FQ3,2023-04
20230403,2023-04-03,2023,Q2,2,April,4,Apr,14,Monday,3,0,FY2023,FQ3,2023-04
20230404,2023-04-04,2023,Q2,2,April,4,Apr,14,Tuesday,4,0,FY2023,FQ3,2023-04
20230405,2023-04-05,2023,Q2,2,April,4,Apr,14,Wednesday,5,0,FY2023,FQ3,2023-04
20230406,2023-04-06,2023,Q2,2,April,4,Apr,14,Thursday,6,0,FY2023,FQ3,2023-04
20230407,2023-04-07,2023,Q2,2,April,4,Apr,14,Friday,7,0,FY2023,FQ3,2023-04
20230408,2023-04-08,2023,Q2,2,April,4,Apr,14,Saturday,8,1,FY2023,FQ3,2023-04
20230409,2023-04-09,2023,Q2,2,April,4,Apr,14,Sunday,9,1,FY2023,FQ3,2023-04
20230410,2023-04-10,2023,Q2,2,April,4,Apr,15,Monday,10,0,FY2023,FQ3,2023-04
20230411,2023-04-11,2023,Q2,2,April,4,Apr,15,Tuesday,11,0,FY2023,FQ3,2023-04
20230412,2023-04-12,2023,Q2,2,April,4,Apr,15,Wednesday,12,0,FY2023,FQ3,2023-04
20230413,2023-04-13,2023,Q2,2,April,4,Apr,15,Thursday,13,0,FY2023,FQ3,2023-04
20230414,2023-04-14,2023,Q2,2,April,4,Apr,15,Friday,14,0,FY2023,FQ3,2023-04
20230415,2023-04-15,2023,Q2,2,April,4,Apr,15,Saturday,15,1,FY2023,FQ3,2023-04
20230416,2023-04-16,2023,Q2,2,April,4,Apr,15,Sunday,16,1,FY2023,FQ3,2023-04
20230417,2023-04-17,2023,Q2,2,April,4,Apr,16,Monday,17,0,FY2023,FQ3,2023-04
20230418,2023-04-18,2023,Q2,2,April,4,Apr,16,Tuesday,18,0,FY2023,FQ3,2023-04
20230419,2023-04-19,2023,Q2,2,April,4,Apr,16,Wednesday,19,0,FY2023,FQ3,2023-04
20230420,2023-04-20,2023,Q2,2,April,4,Apr,16,Thursday,20,0,FY2023,FQ3,2023-04
20230421,2023-04-21,2023,Q2,2,April,4,Apr,16,Friday,21,0,FY2023,FQ3,2023-04
20230422,2023-04-22,2023,Q2,2,April,4,Apr,16,Saturday,22,1,FY2023,FQ3,2023-04
20230423,2023-04-23,2023,Q2,2,April,4,Apr,16,Sunday,23,1,FY2023,FQ3,2023-04
20230424,2023-04-24,2023,Q2,2,April,4,Apr,17,Monday,24,0,FY2023,FQ3,2023-04
20230425,2023-04-25,2023,Q2,2,April,4,Apr,17,Tuesday,25,0,FY2023,FQ3,2023-04
20230426,2023-04-26,2023,Q2,2,April,4,Apr,17,Wednesday,26,0,FY2023,FQ3,2023-04
20230427,2023-04-27,2023,Q2,2,April,4,Apr,17,Thursday,27,0,FY2023,FQ3,2023-04
20230428,2023-04-28,2023,Q2,2,April,4,Apr,17,Friday,28,0,FY2023,FQ3,2023-04
20230429,2023-04-29,2023,Q2,2,April,4,Apr,17,Saturday,29,1,FY2023,FQ3,2023-04
20230430,2023-04-30,2023,Q2,2,April,4,Apr,17,Sunday,30,1,FY2023,FQ3,2023-04
20230501,2023-05-01,2023,Q2,2,May,5,May,18,Monday,1,0,FY2023,FQ3,2023-05
20230502,2023-05-02,2023,Q2,2,May,5,May,18,Tuesday,2,0,FY2023,FQ3,2023-05
20230503,2023-05-03,2023,Q2,2,May,5,May,18,Wednesday,3,0,FY2023,FQ3,2023-05
20230504,2023-05-04,2023,Q2,2,May,5,May,18,Thursday,4,0,FY2023,FQ3,2023-05
20230505,2023-05-05,2023,Q2,2,May,5,May,18,Friday,5,0,FY2023,FQ3,2023-05
20230506,2023-05-06,2023,Q2,2,May,5,May,18,Saturday,6,1,FY2023,FQ3,2023-05
20230507,2023-05-07,2023,Q2,2,May,5,May,18,Sunday,7,1,FY2023,FQ3,2023-05
20230508,2023-05-08,2023,Q2,2,May,5,May,19,Monday,8,0,FY2023,FQ3,2023-05
20230509,2023-05-09,2023,Q2,2,May,5,May,19,Tuesday,9,0,FY2023,FQ3,2023-05
20230510,2023-05-10,2023,Q2,2,May,5,May,19,Wednesday,10,0,FY2023,FQ3,2023-05
20230511,2023-05-11,2023,Q2,2,May,5,May,19,Thursday,11,0,FY2023,FQ3,2023-05
20230512,2023-05-12,2023,Q2,2,May,5,May,19,Friday,12,0,FY2023,FQ3,2023-05
20230513,2023-05-13,2023,Q2,2,May,5,May,19,Saturday,13,1,FY2023,FQ3,2023-05
20230514,2023-05-14,2023,Q2,2,May,5,May,19,Sunday,14,1,FY2023,FQ3,2023-05
20230515,2023-05-15,2023,Q2,2,May,5,May,20,Monday,15,0,FY2023,FQ3,2023-05
20230516,2023-05-16,2023,Q2,2,May,5,May,20,Tuesday,16,0,FY2023,FQ3,2023-05
20230517,2023-05-17,2023,Q2,2,May,5,May,20,Wednesday,17,0,FY2023,FQ3,2023-05
20230518,2023-05-18,2023,Q2,2,May,5,May,20,Thursday,18,0,FY2023,FQ3,2023-05
20230519,2023-05-19,2023,Q2,2,May,5,May,20,Friday,19,0,FY2023,FQ3,2023-05
20230520,2023-05-20,2023,Q2,2,May,5,May,20,Saturday,20,1,FY2023,FQ3,2023-05
20230521,2023-05-21,2023,Q2,2,May,5,May,20,Sunday,21,1,FY2023,FQ3,2023-05
20230522,2023-05-22,2023,Q2,2,May,5,May,21,Monday,22,0,FY2023,FQ3,2023-05
20230523,2023-05-23,2023,Q2,2,May,5,May,21,Tuesday,23,0,FY2023,FQ3,2023-05
20230524,2023-05-24,2023,Q2,2,May,5,May,21,Wednesday,24,0,FY2023,FQ3,2023-05
20230525,2023-05-25,2023,Q2,2,May,5,May,21,Thursday,25,0,FY2023,FQ3,2023-05
20230526,2023-05-26,2023,Q2,2,May,5,May,21,Friday,26,0,FY2023,FQ3,2023-05
20230527,2023-05-27,2023,Q2,2,May,5,May,21,Saturday,27,1,FY2023,FQ3,2023-05
20230528,2023-05-28,2023,Q2,2,May,5,May,21,Sunday,28,1,FY2023,FQ3,2023-05
20230529,2023-05-29,2023,Q2,2,May,5,May,22,Monday,29,0,FY2023,FQ3,2023-05
20230530,2023-05-30,2023,Q2,2,May,5,May,22,Tuesday,30,0,FY2023,FQ3,2023-05
20230531,2023-05-31,2023,Q2,2,May,5,May,22,Wednesday,31,0,FY2023,FQ3,2023-05
20230601,2023-06-01,2023,Q2,2,June,6,Jun,22,Thursday,1,0,FY2023,FQ3,2023-06
20230602,2023-06-02,2023,Q2,2,June,6,Jun,22,Friday,2,0,FY2023,FQ3,2023-06
20230603,2023-06-03,2023,Q2,2,June,6,Jun,22,Saturday,3,1,FY2023,FQ3,2023-06
20230604,2023-06-04,2023,Q2,2,June,6,Jun,22,Sunday,4,1,FY2023,FQ3,2023-06
20230605,2023-06-05,2023,Q2,2,June,6,Jun,23,Monday,5,0,FY2023,FQ3,2023-06
20230606,2023-06-06,2023,Q2,2,June,6,Jun,23,Tuesday,6,0,FY2023,FQ3,2023-06
20230607,2023-06-07,2023,Q2,2,June,6,Jun,23,Wednesday,7,0,FY2023,FQ3,2023-06
20230608,2023-06-08,2023,Q2,2,June,6,Jun,23,Thursday,8,0,FY2023,FQ3,2023-06
20230609,2023-06-09,2023,Q2,2,June,6,Jun,23,Friday,9,0,FY2023,FQ3,2023-06
20230610,2023-06-10,2023,Q2,2,June,6,Jun,23,Saturday,10,1,FY2023,FQ3,2023-06
20230611,2023-06-11,2023,Q2,2,June,6,Jun,23,Sunday,11,1,FY2023,FQ3,2023-06
20230612,2023-06-12,2023,Q2,2,June,6,Jun,24,Monday,12,0,FY2023,FQ3,2023-06
20230613,2023-06-13,2023,Q2,2,June,6,Jun,24,Tuesday,13,0,FY2023,FQ3,2023-06
20230614,2023-06-14,2023,Q2,2,June,6,Jun,24,Wednesday,14,0,FY2023,FQ3,2023-06
20230615,2023-06-15,2023,Q2,2,June,6,Jun,24,Thursday,15,0,FY2023,FQ3,2023-06
20230616,2023-06-16,2023,Q2,2,June,6,Jun,24,Friday,16,0,FY2023,FQ3,2023-06
20230617,2023-06-17,2023,Q2,2,June,6,Jun,24,Saturday,17,1,FY2023,FQ3,2023-06
20230618,2023-06-18,2023,Q2,2,June,6,Jun,24,Sunday,18,1,FY2023,FQ3,2023-06
20230619,2023-06-19,2023,Q2,2,June,6,Jun,25,Monday,19,0,FY2023,FQ3,2023-06
20230620,2023-06-20,2023,Q2,2,June,6,Jun,25,Tuesday,20,0,FY2023,FQ3,2023-06
20230621,2023-06-21,2023,Q2,2,June,6,Jun,25,Wednesday,21,0,FY2023,FQ3,2023-06
20230622,2023-06-22,2023,Q2,2,June,6,Jun,25,Thursday,22,0,FY2023,FQ3,2023-06
20230623,2023-06-23,2023,Q2,2,June,6,Jun,25,Friday,23,0,FY2023,FQ3,2023-06
20230624,2023-06-24,2023,Q2,2,June,6,Jun,25,Saturday,24,1,FY2023,FQ3,2023-06
20230625,2023-06-25,2023,Q2,2,June,6,Jun,25,Sunday,25,1,FY2023,FQ3,2023-06
20230626,2023-06-26,2023,Q2,2,June,6,Jun,26,Monday,26,0,FY2023,FQ3,2023-06
20230627,2023-06-27,2023,Q2,2,June,6,Jun,26,Tuesday,27,0,FY2023,FQ3,2023-06
20230628,2023-06-28,2023,Q2,2,June,6,Jun,26,Wednesday,28,0,FY2023,FQ3,2023-06
20230629,2023-06-29,2023,Q2,2,June,6,Jun,26,Thursday,29,0,FY2023,FQ3,2023-06
20230630,2023-06-30,2023,Q2,2,June,6,Jun,26,Friday,30,0,FY2023,FQ3,2023-06
20230701,2023-07-01,2023,Q3,3,July,7,Jul,26,Saturday,1,1,FY2023,FQ4,2023-07
20230702,2023-07-02,2023,Q3,3,July,7,Jul,26,Sunday,2,1,FY2023,FQ4,2023-07
20230703,2023-07-03,2023,Q3,3,July,7,Jul,27,Monday,3,0,FY2023,FQ4,2023-07
20230704,2023-07-04,2023,Q3,3,July,7,Jul,27,Tuesday,4,0,FY2023,FQ4,2023-07
20230705,2023-07-05,2023,Q3,3,July,7,Jul,27,Wednesday,5,0,FY2023,FQ4,2023-07
20230706,2023-07-06,2023,Q3,3,July,7,Jul,27,Thursday,6,0,FY2023,FQ4,2023-07
20230707,2023-07-07,2023,Q3,3,July,7,Jul,27,Friday,7,0,FY2023,FQ4,2023-07
20230708,2023-07-08,2023,Q3,3,July,7,Jul,27,Saturday,8,1,FY2023,FQ4,2023-07
20230709,2023-07-09,2023,Q3,3,July,7,Jul,27,Sunday,9,1,FY2023,FQ4,2023-07
20230710,2023-07-10,2023,Q3,3,July,7,Jul,28,Monday,10,0,FY2023,FQ4,2023-07
20230711,2023-07-11,2023,Q3,3,July,7,Jul,28,Tuesday,11,0,FY2023,FQ4,2023-07
20230712,2023-07-12,2023,Q3,3,July,7,Jul,28,Wednesday,12,0,FY2023,FQ4,2023-07
20230713,2023-07-13,2023,Q3,3,July,7,Jul,28,Thursday,13,0,FY2023,FQ4,2023-07
20230714,2023-07-14,2023,Q3,3,July,7,Jul,28,Friday,14,0,FY2023,FQ4,2023-07
20230715,2023-07-15,2023,Q3,3,July,7,Jul,28,Saturday,15,1,FY2023,FQ4,2023-07
20230716,2023-07-16,2023,Q3,3,July,7,Jul,28,Sunday,16,1,FY2023,FQ4,2023-07
20230717,2023-07-17,2023,Q3,3,July,7,Jul,29,Monday,17,0,FY2023,FQ4,2023-07
20230718,2023-07-18,2023,Q3,3,July,7,Jul,29,Tuesday,18,0,FY2023,FQ4,2023-07
20230719,2023-07-19,2023,Q3,3,July,7,Jul,29,Wednesday,19,0,FY2023,FQ4,2023-07
20230720,2023-07-20,2023,Q3,3,July,7,Jul,29,Thursday,20,0,FY2023,FQ4,2023-07
20230721,2023-07-21,2023,Q3,3,July,7,Jul,29,Friday,21,0,FY2023,FQ4,2023-07
20230722,2023-07-22,2023,Q3,3,July,7,Jul,29,Saturday,22,1,FY2023,FQ4,2023-07
20230723,2023-07-23,2023,Q3,3,July,7,Jul,29,Sunday,23,1,FY2023,FQ4,2023-07
20230724,2023-07-24,2023,Q3,3,July,7,Jul,30,Monday,24,0,FY2023,FQ4,2023-07
20230725,2023-07-25,2023,Q3,3,July,7,Jul,30,Tuesday,25,0,FY2023,FQ4,2023-07
20230726,2023-07-26,2023,Q3,3,July,7,Jul,30,Wednesday,26,0,FY2023,FQ4,2023-07
20230727,2023-07-27,2023,Q3,3,July,7,Jul,30,Thursday,27,0,FY2023,FQ4,2023-07
20230728,2023-07-28,2023,Q3,3,July,7,Jul,30,Friday,28,0,FY2023,FQ4,2023-07
20230729,2023-07-29,2023,Q3,3,July,7,Jul,30,Saturday,29,1,FY2023,FQ4,2023-07
20230730,2023-07-30,2023,Q3,3,July,7,Jul,30,Sunday,30,1,FY2023,FQ4,2023-07
20230731,2023-07-31,2023,Q3,3,July,7,Jul,31,Monday,31,0,FY2023,FQ4,2023-07
20230801,2023-08-01,2023,Q3,3,August,8,Aug,31,Tuesday,1,0,FY2023,FQ4,2023-08
20230802,2023-08-02,2023,Q3,3,August,8,Aug,31,Wednesday,2,0,FY2023,FQ4,2023-08
20230803,2023-08-03,2023,Q3,3,August,8,Aug,31,Thursday,3,0,FY2023,FQ4,2023-08
20230804,2023-08-04,2023,Q3,3,August,8,Aug,31,Friday,4,0,FY2023,FQ4,2023-08
20230805,2023-08-05,2023,Q3,3,August,8,Aug,31,Saturday,5,1,FY2023,FQ4,2023-08
20230806,2023-08-06,2023,Q3,3,August,8,Aug,31,Sunday,6,1,FY2023,FQ4,2023-08
20230807,2023-08-07,2023,Q3,3,August,8,Aug,32,Monday,7,0,FY2023,FQ4,2023-08
20230808,2023-08-08,2023,Q3,3,August,8,Aug,32,Tuesday,8,0,FY2023,FQ4,2023-08
20230809,2023-08-09,2023,Q3,3,August,8,Aug,32,Wednesday,9,0,FY2023,FQ4,2023-08
20230810,2023-08-10,2023,Q3,3,August,8,Aug,32,Thursday,10,0,FY2023,FQ4,2023-08
20230811,2023-08-11,2023,Q3,3,August,8,Aug,32,Friday,11,0,FY2023,FQ4,2023-08
20230812,2023-08-12,2023,Q3,3,August,8,Aug,32,Saturday,12,1,FY2023,FQ4,2023-08
20230813,2023-08-13,2023,Q3,3,August,8,Aug,32,Sunday,13,1,FY2023,FQ4,2023-08
20230814,2023-08-14,2023,Q3,3,August,8,Aug,33,Monday,14,0,FY2023,FQ4,2023-08
20230815,2023-08-15,2023,Q3,3,August,8,Aug,33,Tuesday,15,0,FY2023,FQ4,2023-08
20230816,2023-08-16,2023,Q3,3,August,8,Aug,33,Wednesday,16,0,FY2023,FQ4,2023-08
20230817,2023-08-17,2023,Q3,3,August,8,Aug,33,Thursday,17,0,FY2023,FQ4,2023-08
20230818,2023-08-18,2023,Q3,3,August,8,Aug,33,Friday,18,0,FY2023,FQ4,2023-08
20230819,2023-08-19,2023,Q3,3,August,8,Aug,33,Saturday,19,1,FY2023,FQ4,2023-08
20230820,2023-08-20,2023,Q3,3,August,8,Aug,33,Sunday,20,1,FY2023,FQ4,2023-08
20230821,2023-08-21,2023,Q3,3,August,8,Aug,34,Monday,21,0,FY2023,FQ4,2023-08
20230822,2023-08-22,2023,Q3,3,August,8,Aug,34,Tuesday,22,0,FY2023,FQ4,2023-08
20230823,2023-08-23,2023,Q3,3,August,8,Aug,34,Wednesday,23,0,FY2023,FQ4,2023-08
20230824,2023-08-24,2023,Q3,3,August,8,Aug,34,Thursday,24,0,FY2023,FQ4,2023-08
20230825,2023-08-25,2023,Q3,3,August,8,Aug,34,Friday,25,0,FY2023,FQ4,2023-08
20230826,2023-08-26,2023,Q3,3,August,8,Aug,34,Saturday,26,1,FY2023,FQ4,2023-08
20230827,2023-08-27,2023,Q3,3,August,8,Aug,34,Sunday,27,1,FY2023,FQ4,2023-08
20230828,2023-08-28,2023,Q3,3,August,8,Aug,35,Monday,28,0,FY2023,FQ4,2023-08
20230829,2023-08-29,2023,Q3,3,August,8,Aug,35,Tuesday,29,0,FY2023,FQ4,2023-08
20230830,2023-08-30,2023,Q3,3,August,8,Aug,35,Wednesday,30,0,FY2023,FQ4,2023-08
20230831,2023-08-31,2023,Q3,3,August,8,Aug,35,Thursday,31,0,FY2023,FQ4,2023-08
20230901,2023-09-01,2023,Q3,3,September,9,Sep,35,Friday,1,0,FY2023,FQ4,2023-09
20230902,2023-09-02,2023,Q3,3,September,9,Sep,35,Saturday,2,1,FY2023,FQ4,2023-09
20230903,2023-09-03,2023,Q3,3,September,9,Sep,35,Sunday,3,1,FY2023,FQ4,2023-09
20230904,2023-09-04,2023,Q3,3,September,9,Sep,36,Monday,4,0,FY2023,FQ4,2023-09
20230905,2023-09-05,2023,Q3,3,September,9,Sep,36,Tuesday,5,0,FY2023,FQ4,2023-09
20230906,2023-09-06,2023,Q3,3,September,9,Sep,36,Wednesday,6,0,FY2023,FQ4,2023-09
20230907,2023-09-07,2023,Q3,3,September,9,Sep,36,Thursday,7,0,FY2023,FQ4,2023-09
20230908,2023-09-08,2023,Q3,3,September,9,Sep,36,Friday,8,0,FY2023,FQ4,2023-09
20230909,2023-09-09,2023,Q3,3,September,9,Sep,36,Saturday,9,1,FY2023,FQ4,2023-09
20230910,2023-09-10,2023,Q3,3,September,9,Sep,36,Sunday,10,1,FY2023,FQ4,2023-09
20230911,2023-09-11,2023,Q3,3,September,9,Sep,37,Monday,11,0,FY2023,FQ4,2023-09
20230912,2023-09-12,2023,Q3,3,September,9,Sep,37,Tuesday,12,0,FY2023,FQ4,2023-09
20230913,2023-09-13,2023,Q3,3,September,9,Sep,37,Wednesday,13,0,FY2023,FQ4,2023-09
20230914,2023-09-14,2023,Q3,3,September,9,Sep,37,Thursday,14,0,FY2023,FQ4,2023-09
20230915,2023-09-15,2023,Q3,3,September,9,Sep,37,Friday,15,0,FY2023,FQ4,2023-09
20230916,2023-09-16,2023,Q3,3,September,9,Sep,37,Saturday,16,1,FY2023,FQ4,2023-09
20230917,2023-09-17,2023,Q3,3,September,9,Sep,37,Sunday,17,1,FY2023,FQ4,2023-09
20230918,2023-09-18,2023,Q3,3,September,9,Sep,38,Monday,18,0,FY2023,FQ4,2023-09
20230919,2023-09-19,2023,Q3,3,September,9,Sep,38,Tuesday,19,0,FY2023,FQ4,2023-09
20230920,2023-09-20,2023,Q3,3,September,9,Sep,38,Wednesday,20,0,FY2023,FQ4,2023-09
20230921,2023-09-21,2023,Q3,3,September,9,Sep,38,Thursday,21,0,FY2023,FQ4,2023-09
20230922,2023-09-22,2023,Q3,3,September,9,Sep,38,Friday,22,0,FY2023,FQ4,2023-09
20230923,2023-09-23,2023,Q3,3,September,9,Sep,38,Saturday,23,1,FY2023,FQ4,2023-09
20230924,2023-09-24,2023,Q3,3,September,9,Sep,38,Sunday,24,1,FY2023,FQ4,2023-09
20230925,2023-09-25,2023,Q3,3,September,9,Sep,39,Monday,25,0,FY2023,FQ4,2023-09
20230926,2023-09-26,2023,Q3,3,September,9,Sep,39,Tuesday,26,0,FY2023,FQ4,2023-09
20230927,2023-09-27,2023,Q3,3,September,9,Sep,39,Wednesday,27,0,FY2023,FQ4,2023-09
20230928,2023-09-28,2023,Q3,3,September,9,Sep,39,Thursday,28,0,FY2023,FQ4,2023-09
20230929,2023-09-29,2023,Q3,3,September,9,Sep,39,Friday,29,0,FY2023,FQ4,2023-09
20230930,2023-09-30,2023,Q3,3,September,9,Sep,39,Saturday,30,1,FY2023,FQ4,2023-09
20231001,2023-10-01,2023,Q4,4,October,10,Oct,39,Sunday,1,1,FY2023,FQ1,2023-10
20231002,2023-10-02,2023,Q4,4,October,10,Oct,40,Monday,2,0,FY2023,FQ1,2023-10
20231003,2023-10-03,2023,Q4,4,October,10,Oct,40,Tuesday,3,0,FY2023,FQ1,2023-10
20231004,2023-10-04,2023,Q4,4,October,10,Oct,40,Wednesday,4,0,FY2023,FQ1,2023-10
20231005,2023-10-05,2023,Q4,4,October,10,Oct,40,Thursday,5,0,FY2023,FQ1,2023-10
20231006,2023-10-06,2023,Q4,4,October,10,Oct,40,Friday,6,0,FY2023,FQ1,2023-10
20231007,2023-10-07,2023,Q4,4,October,10,Oct,40,Saturday,7,1,FY2023,FQ1,2023-10
20231008,2023-10-08,2023,Q4,4,October,10,Oct,40,Sunday,8,1,FY2023,FQ1,2023-10
20231009,2023-10-09,2023,Q4,4,October,10,Oct,41,Monday,9,0,FY2023,FQ1,2023-10
20231010,2023-10-10,2023,Q4,4,October,10,Oct,41,Tuesday,10,0,FY2023,FQ1,2023-10
20231011,2023-10-11,2023,Q4,4,October,10,Oct,41,Wednesday,11,0,FY2023,FQ1,2023-10
20231012,2023-10-12,2023,Q4,4,October,10,Oct,41,Thursday,12,0,FY2023,FQ1,2023-10
20231013,2023-10-13,2023,Q4,4,October,10,Oct,41,Friday,13,0,FY2023,FQ1,2023-10
20231014,2023-10-14,2023,Q4,4,October,10,Oct,41,Saturday,14,1,FY2023,FQ1,2023-10
20231015,2023-10-15,2023,Q4,4,October,10,Oct,41,Sunday,15,1,FY2023,FQ1,2023-10
20231016,2023-10-16,2023,Q4,4,October,10,Oct,42,Monday,16,0,FY2023,FQ1,2023-10
20231017,2023-10-17,2023,Q4,4,October,10,Oct,42,Tuesday,17,0,FY2023,FQ1,2023-10
20231018,2023-10-18,2023,Q4,4,October,10,Oct,42,Wednesday,18,0,FY2023,FQ1,2023-10
20231019,2023-10-19,2023,Q4,4,October,10,Oct,42,Thursday,19,0,FY2023,FQ1,2023-10
20231020,2023-10-20,2023,Q4,4,October,10,Oct,42,Friday,20,0,FY2023,FQ1,2023-10
20231021,2023-10-21,2023,Q4,4,October,10,Oct,42,Saturday,21,1,FY2023,FQ1,2023-10
20231022,2023-10-22,2023,Q4,4,October,10,Oct,42,Sunday,22,1,FY2023,FQ1,2023-10
20231023,2023-10-23,2023,Q4,4,October,10,Oct,43,Monday,23,0,FY2023,FQ1,2023-10
20231024,2023-10-24,2023,Q4,4,October,10,Oct,43,Tuesday,24,0,FY2023,FQ1,2023-10
20231025,2023-10-25,2023,Q4,4,October,10,Oct,43,Wednesday,25,0,FY2023,FQ1,2023-10
20231026,2023-10-26,2023,Q4,4,October,10,Oct,43,Thursday,26,0,FY2023,FQ1,2023-10
20231027,2023-10-27,2023,Q4,4,October,10,Oct,43,Friday,27,0,FY2023,FQ1,2023-10
20231028,2023-10-28,2023,Q4,4,October,10,Oct,43,Saturday,28,1,FY2023,FQ1,2023-10
20231029,2023-10-29,2023,Q4,4,October,10,Oct,43,Sunday,29,1,FY2023,FQ1,2023-10
20231030,2023-10-30,2023,Q4,4,October,10,Oct,44,Monday,30,0,FY2023,FQ1,2023-10
20231031,2023-10-31,2023,Q4,4,October,10,Oct,44,Tuesday,31,0,FY2023,FQ1,2023-10
20231101,2023-11-01,2023,Q4,4,November,11,Nov,44,Wednesday,1,0,FY2023,FQ1,2023-11
20231102,2023-11-02,2023,Q4,4,November,11,Nov,44,Thursday,2,0,FY2023,FQ1,2023-11
20231103,2023-11-03,2023,Q4,4,November,11,Nov,44,Friday,3,0,FY2023,FQ1,2023-11
20231104,2023-11-04,2023,Q4,4,November,11,Nov,44,Saturday,4,1,FY2023,FQ1,2023-11
20231105,2023-11-05,2023,Q4,4,November,11,Nov,44,Sunday,5,1,FY2023,FQ1,2023-11
20231106,2023-11-06,2023,Q4,4,November,11,Nov,45,Monday,6,0,FY2023,FQ1,2023-11
20231107,2023-11-07,2023,Q4,4,November,11,Nov,45,Tuesday,7,0,FY2023,FQ1,2023-11
20231108,2023-11-08,2023,Q4,4,November,11,Nov,45,Wednesday,8,0,FY2023,FQ1,2023-11
20231109,2023-11-09,2023,Q4,4,November,11,Nov,45,Thursday,9,0,FY2023,FQ1,2023-11
20231110,2023-11-10,2023,Q4,4,November,11,Nov,45,Friday,10,0,FY2023,FQ1,2023-11
20231111,2023-11-11,2023,Q4,4,November,11,Nov,45,Saturday,11,1,FY2023,FQ1,2023-11
20231112,2023-11-12,2023,Q4,4,November,11,Nov,45,Sunday,12,1,FY2023,FQ1,2023-11
20231113,2023-11-13,2023,Q4,4,November,11,Nov,46,Monday,13,0,FY2023,FQ1,2023-11
20231114,2023-11-14,2023,Q4,4,November,11,Nov,46,Tuesday,14,0,FY2023,FQ1,2023-11
20231115,2023-11-15,2023,Q4,4,November,11,Nov,46,Wednesday,15,0,FY2023,FQ1,2023-11
20231116,2023-11-16,2023,Q4,4,November,11,Nov,46,Thursday,16,0,FY2023,FQ1,2023-11
20231117,2023-11-17,2023,Q4,4,November,11,Nov,46,Friday,17,0,FY2023,FQ1,2023-11
20231118,2023-11-18,2023,Q4,4,November,11,Nov,46,Saturday,18,1,FY2023,FQ1,2023-11
20231119,2023-11-19,2023,Q4,4,November,11,Nov,46,Sunday,19,1,FY2023,FQ1,2023-11
20231120,2023-11-20,2023,Q4,4,November,11,Nov,47,Monday,20,0,FY2023,FQ1,2023-11
20231121,2023-11-21,2023,Q4,4,November,11,Nov,47,Tuesday,21,0,FY2023,FQ1,2023-11
20231122,2023-11-22,2023,Q4,4,November,11,Nov,47,Wednesday,22,0,FY2023,FQ1,2023-11
20231123,2023-11-23,2023,Q4,4,November,11,Nov,47,Thursday,23,0,FY2023,FQ1,2023-11
20231124,2023-11-24,2023,Q4,4,November,11,Nov,47,Friday,24,0,FY2023,FQ1,2023-11
20231125,2023-11-25,2023,Q4,4,November,11,Nov,47,Saturday,25,1,FY2023,FQ1,2023-11
20231126,2023-11-26,2023,Q4,4,November,11,Nov,47,Sunday,26,1,FY2023,FQ1,2023-11
20231127,2023-11-27,2023,Q4,4,November,11,Nov,48,Monday,27,0,FY2023,FQ1,2023-11
20231128,2023-11-28,2023,Q4,4,November,11,Nov,48,Tuesday,28,0,FY2023,FQ1,2023-11
20231129,2023-11-29,2023,Q4,4,November,11,Nov,48,Wednesday,29,0,FY2023,FQ1,2023-11
20231130,2023-11-30,2023,Q4,4,November,11,Nov,48,Thursday,30,0,FY2023,FQ1,2023-11
20231201,2023-12-01,2023,Q4,4,December,12,Dec,48,Friday,1,0,FY2023,FQ1,2023-12
20231202,2023-12-02,2023,Q4,4,December,12,Dec,48,Saturday,2,1,FY2023,FQ1,2023-12
20231203,2023-12-03,2023,Q4,4,December,12,Dec,48,Sunday,3,1,FY2023,FQ1,2023-12
20231204,2023-12-04,2023,Q4,4,December,12,Dec,49,Monday,4,0,FY2023,FQ1,2023-12
20231205,2023-12-05,2023,Q4,4,December,12,Dec,49,Tuesday,5,0,FY2023,FQ1,2023-12
20231206,2023-12-06,2023,Q4,4,December,12,Dec,49,Wednesday,6,0,FY2023,FQ1,2023-12
20231207,2023-12-07,2023,Q4,4,December,12,Dec,49,Thursday,7,0,FY2023,FQ1,2023-12
20231208,2023-12-08,2023,Q4,4,December,12,Dec,49,Friday,8,0,FY2023,FQ1,2023-12
20231209,2023-12-09,2023,Q4,4,December,12,Dec,49,Saturday,9,1,FY2023,FQ1,2023-12
20231210,2023-12-10,2023,Q4,4,December,12,Dec,49,Sunday,10,1,FY2023,FQ1,2023-12
20231211,2023-12-11,2023,Q4,4,December,12,Dec,50,Monday,11,0,FY2023,FQ1,2023-12
20231212,2023-12-12,2023,Q4,4,December,12,Dec,50,Tuesday,12,0,FY2023,FQ1,2023-12
20231213,2023-12-13,2023,Q4,4,December,12,Dec,50,Wednesday,13,0,FY2023,FQ1,2023-12
20231214,2023-12-14,2023,Q4,4,December,12,Dec,50,Thursday,14,0,FY2023,FQ1,2023-12
20231215,2023-12-15,2023,Q4,4,December,12,Dec,50,Friday,15,0,FY2023,FQ1,2023-12
20231216,2023-12-16,2023,Q4,4,December,12,Dec,50,Saturday,16,1,FY2023,FQ1,2023-12
20231217,2023-12-17,2023,Q4,4,December,12,Dec,50,Sunday,17,1,FY2023,FQ1,2023-12
20231218,2023-12-18,2023,Q4,4,December,12,Dec,51,Monday,18,0,FY2023,FQ1,2023-12
20231219,2023-12-19,2023,Q4,4,December,12,Dec,51,Tuesday,19,0,FY2023,FQ1,2023-12
20231220,2023-12-20,2023,Q4,4,December,12,Dec,51,Wednesday,20,0,FY2023,FQ1,2023-12
20231221,2023-12-21,2023,Q4,4,December,12,Dec,51,Thursday,21,0,FY2023,FQ1,2023-12
20231222,2023-12-22,2023,Q4,4,December,12,Dec,51,Friday,22,0,FY2023,FQ1,2023-12
20231223,2023-12-23,2023,Q4,4,December,12,Dec,51,Saturday,23,1,FY2023,FQ1,2023-12
20231224,2023-12-24,2023,Q4,4,December,12,Dec,51,Sunday,24,1,FY2023,FQ1,2023-12
20231225,2023-12-25,2023,Q4,4,December,12,Dec,52,Monday,25,0,FY2023,FQ1,2023-12
20231226,2023-12-26,2023,Q4,4,December,12,Dec,52,Tuesday,26,0,FY2023,FQ1,2023-12
20231227,2023-12-27,2023,Q4,4,December,12,Dec,52,Wednesday,27,0,FY2023,FQ1,2023-12
20231228,2023-12-28,2023,Q4,4,December,12,Dec,52,Thursday,28,0,FY2023,FQ1,2023-12
20231229,2023-12-29,2023,Q4,4,December,12,Dec,52,Friday,29,0,FY2023,FQ1,2023-12
20231230,2023-12-30,2023,Q4,4,December,12,Dec,52,Saturday,30,1,FY2023,FQ1,2023-12
20231231,2023-12-31,2023,Q4,4,December,12,Dec,52,Sunday,31,1,FY2023,FQ1,2023-12
20240101,2024-01-01,2024,Q1,1,January,1,Jan,1,Monday,1,0,FY2023,FQ2,2024-01
20240102,2024-01-02,2024,Q1,1,January,1,Jan,1,Tuesday,2,0,FY2023,FQ2,2024-01
20240103,2024-01-03,2024,Q1,1,January,1,Jan,1,Wednesday,3,0,FY2023,FQ2,2024-01
20240104,2024-01-04,2024,Q1,1,January,1,Jan,1,Thursday,4,0,FY2023,FQ2,2024-01
20240105,2024-01-05,2024,Q1,1,January,1,Jan,1,Friday,5,0,FY2023,FQ2,2024-01
20240106,2024-01-06,2024,Q1,1,January,1,Jan,1,Saturday,6,1,FY2023,FQ2,2024-01
20240107,2024-01-07,2024,Q1,1,January,1,Jan,1,Sunday,7,1,FY2023,FQ2,2024-01
20240108,2024-01-08,2024,Q1,1,January,1,Jan,2,Monday,8,0,FY2023,FQ2,2024-01
20240109,2024-01-09,2024,Q1,1,January,1,Jan,2,Tuesday,9,0,FY2023,FQ2,2024-01
20240110,2024-01-10,2024,Q1,1,January,1,Jan,2,Wednesday,10,0,FY2023,FQ2,2024-01
20240111,2024-01-11,2024,Q1,1,January,1,Jan,2,Thursday,11,0,FY2023,FQ2,2024-01
20240112,2024-01-12,2024,Q1,1,January,1,Jan,2,Friday,12,0,FY2023,FQ2,2024-01
20240113,2024-01-13,2024,Q1,1,January,1,Jan,2,Saturday,13,1,FY2023,FQ2,2024-01
20240114,2024-01-14,2024,Q1,1,January,1,Jan,2,Sunday,14,1,FY2023,FQ2,2024-01
20240115,2024-01-15,2024,Q1,1,January,1,Jan,3,Monday,15,0,FY2023,FQ2,2024-01
20240116,2024-01-16,2024,Q1,1,January,1,Jan,3,Tuesday,16,0,FY2023,FQ2,2024-01
20240117,2024-01-17,2024,Q1,1,January,1,Jan,3,Wednesday,17,0,FY2023,FQ2,2024-01
20240118,2024-01-18,2024,Q1,1,January,1,Jan,3,Thursday,18,0,FY2023,FQ2,2024-01
20240119,2024-01-19,2024,Q1,1,January,1,Jan,3,Friday,19,0,FY2023,FQ2,2024-01
20240120,2024-01-20,2024,Q1,1,January,1,Jan,3,Saturday,20,1,FY2023,FQ2,2024-01
20240121,2024-01-21,2024,Q1,1,January,1,Jan,3,Sunday,21,1,FY2023,FQ2,2024-01
20240122,2024-01-22,2024,Q1,1,January,1,Jan,4,Monday,22,0,FY2023,FQ2,2024-01
20240123,2024-01-23,2024,Q1,1,January,1,Jan,4,Tuesday,23,0,FY2023,FQ2,2024-01
20240124,2024-01-24,2024,Q1,1,January,1,Jan,4,Wednesday,24,0,FY2023,FQ2,2024-01
20240125,2024-01-25,2024,Q1,1,January,1,Jan,4,Thursday,25,0,FY2023,FQ2,2024-01
20240126,2024-01-26,2024,Q1,1,January,1,Jan,4,Friday,26,0,FY2023,FQ2,2024-01
20240127,2024-01-27,2024,Q1,1,January,1,Jan,4,Saturday,27,1,FY2023,FQ2,2024-01
20240128,2024-01-28,2024,Q1,1,January,1,Jan,4,Sunday,28,1,FY2023,FQ2,2024-01
20240129,2024-01-29,2024,Q1,1,January,1,Jan,5,Monday,29,0,FY2023,FQ2,2024-01
20240130,2024-01-30,2024,Q1,1,January,1,Jan,5,Tuesday,30,0,FY2023,FQ2,2024-01
20240131,2024-01-31,2024,Q1,1,January,1,Jan,5,Wednesday,31,0,FY2023,FQ2,2024-01
20240201,2024-02-01,2024,Q1,1,February,2,Feb,5,Thursday,1,0,FY2023,FQ2,2024-02
20240202,2024-02-02,2024,Q1,1,February,2,Feb,5,Friday,2,0,FY2023,FQ2,2024-02
20240203,2024-02-03,2024,Q1,1,February,2,Feb,5,Saturday,3,1,FY2023,FQ2,2024-02
20240204,2024-02-04,2024,Q1,1,February,2,Feb,5,Sunday,4,1,FY2023,FQ2,2024-02
20240205,2024-02-05,2024,Q1,1,February,2,Feb,6,Monday,5,0,FY2023,FQ2,2024-02
20240206,2024-02-06,2024,Q1,1,February,2,Feb,6,Tuesday,6,0,FY2023,FQ2,2024-02
20240207,2024-02-07,2024,Q1,1,February,2,Feb,6,Wednesday,7,0,FY2023,FQ2,2024-02
20240208,2024-02-08,2024,Q1,1,February,2,Feb,6,Thursday,8,0,FY2023,FQ2,2024-02
20240209,2024-02-09,2024,Q1,1,February,2,Feb,6,Friday,9,0,FY2023,FQ2,2024-02
20240210,2024-02-10,2024,Q1,1,February,2,Feb,6,Saturday,10,1,FY2023,FQ2,2024-02
20240211,2024-02-11,2024,Q1,1,February,2,Feb,6,Sunday,11,1,FY2023,FQ2,2024-02
20240212,2024-02-12,2024,Q1,1,February,2,Feb,7,Monday,12,0,FY2023,FQ2,2024-02
20240213,2024-02-13,2024,Q1,1,February,2,Feb,7,Tuesday,13,0,FY2023,FQ2,2024-02
20240214,2024-02-14,2024,Q1,1,February,2,Feb,7,Wednesday,14,0,FY2023,FQ2,2024-02
20240215,2024-02-15,2024,Q1,1,February,2,Feb,7,Thursday,15,0,FY2023,FQ2,2024-02
20240216,2024-02-16,2024,Q1,1,February,2,Feb,7,Friday,16,0,FY2023,FQ2,2024-02
20240217,2024-02-17,2024,Q1,1,February,2,Feb,7,Saturday,17,1,FY2023,FQ2,2024-02
20240218,2024-02-18,2024,Q1,1,February,2,Feb,7,Sunday,18,1,FY2023,FQ2,2024-02
20240219,2024-02-19,2024,Q1,1,February,2,Feb,8,Monday,19,0,FY2023,FQ2,2024-02
20240220,2024-02-20,2024,Q1,1,February,2,Feb,8,Tuesday,20,0,FY2023,FQ2,2024-02
20240221,2024-02-21,2024,Q1,1,February,2,Feb,8,Wednesday,21,0,FY2023,FQ2,2024-02
20240222,2024-02-22,2024,Q1,1,February,2,Feb,8,Thursday,22,0,FY2023,FQ2,2024-02
20240223,2024-02-23,2024,Q1,1,February,2,Feb,8,Friday,23,0,FY2023,FQ2,2024-02
20240224,2024-02-24,2024,Q1,1,February,2,Feb,8,Saturday,24,1,FY2023,FQ2,2024-02
20240225,2024-02-25,2024,Q1,1,February,2,Feb,8,Sunday,25,1,FY2023,FQ2,2024-02
20240226,2024-02-26,2024,Q1,1,February,2,Feb,9,Monday,26,0,FY2023,FQ2,2024-02
20240227,2024-02-27,2024,Q1,1,February,2,Feb,9,Tuesday,27,0,FY2023,FQ2,2024-02
20240228,2024-02-28,2024,Q1,1,February,2,Feb,9,Wednesday,28,0,FY2023,FQ2,2024-02
20240229,2024-02-29,2024,Q1,1,February,2,Feb,9,Thursday,29,0,FY2023,FQ2,2024-02
20240301,2024-03-01,2024,Q1,1,March,3,Mar,9,Friday,1,0,FY2023,FQ2,2024-03
20240302,2024-03-02,2024,Q1,1,March,3,Mar,9,Saturday,2,1,FY2023,FQ2,2024-03
20240303,2024-03-03,2024,Q1,1,March,3,Mar,9,Sunday,3,1,FY2023,FQ2,2024-03
20240304,2024-03-04,2024,Q1,1,March,3,Mar,10,Monday,4,0,FY2023,FQ2,2024-03
20240305,2024-03-05,2024,Q1,1,March,3,Mar,10,Tuesday,5,0,FY2023,FQ2,2024-03
20240306,2024-03-06,2024,Q1,1,March,3,Mar,10,Wednesday,6,0,FY2023,FQ2,2024-03
20240307,2024-03-07,2024,Q1,1,March,3,Mar,10,Thursday,7,0,FY2023,FQ2,2024-03
20240308,2024-03-08,2024,Q1,1,March,3,Mar,10,Friday,8,0,FY2023,FQ2,2024-03
20240309,2024-03-09,2024,Q1,1,March,3,Mar,10,Saturday,9,1,FY2023,FQ2,2024-03
20240310,2024-03-10,2024,Q1,1,March,3,Mar,10,Sunday,10,1,FY2023,FQ2,2024-03
20240311,2024-03-11,2024,Q1,1,March,3,Mar,11,Monday,11,0,FY2023,FQ2,2024-03
20240312,2024-03-12,2024,Q1,1,March,3,Mar,11,Tuesday,12,0,FY2023,FQ2,2024-03
20240313,2024-03-13,2024,Q1,1,March,3,Mar,11,Wednesday,13,0,FY2023,FQ2,2024-03
20240314,2024-03-14,2024,Q1,1,March,3,Mar,11,Thursday,14,0,FY2023,FQ2,2024-03
20240315,2024-03-15,2024,Q1,1,March,3,Mar,11,Friday,15,0,FY2023,FQ2,2024-03
20240316,2024-03-16,2024,Q1,1,March,3,Mar,11,Saturday,16,1,FY2023,FQ2,2024-03
20240317,2024-03-17,2024,Q1,1,March,3,Mar,11,Sunday,17,1,FY2023,FQ2,2024-03
20240318,2024-03-18,2024,Q1,1,March,3,Mar,12,Monday,18,0,FY2023,FQ2,2024-03
20240319,2024-03-19,2024,Q1,1,March,3,Mar,12,Tuesday,19,0,FY2023,FQ2,2024-03
20240320,2024-03-20,2024,Q1,1,March,3,Mar,12,Wednesday,20,0,FY2023,FQ2,2024-03
20240321,2024-03-21,2024,Q1,1,March,3,Mar,12,Thursday,21,0,FY2023,FQ2,2024-03
20240322,2024-03-22,2024,Q1,1,March,3,Mar,12,Friday,22,0,FY2023,FQ2,2024-03
20240323,2024-03-23,2024,Q1,1,March,3,Mar,12,Saturday,23,1,FY2023,FQ2,2024-03
20240324,2024-03-24,2024,Q1,1,March,3,Mar,12,Sunday,24,1,FY2023,FQ2,2024-03
20240325,2024-03-25,2024,Q1,1,March,3,Mar,13,Monday,25,0,FY2023,FQ2,2024-03
20240326,2024-03-26,2024,Q1,1,March,3,Mar,13,Tuesday,26,0,FY2023,FQ2,2024-03
20240327,2024-03-27,2024,Q1,1,March,3,Mar,13,Wednesday,27,0,FY2023,FQ2,2024-03
20240328,2024-03-28,2024,Q1,1,March,3,Mar,13,Thursday,28,0,FY2023,FQ2,2024-03
20240329,2024-03-29,2024,Q1,1,March,3,Mar,13,Friday,29,0,FY2023,FQ2,2024-03
20240330,2024-03-30,2024,Q1,1,March,3,Mar,13,Saturday,30,1,FY2023,FQ2,2024-03
20240331,2024-03-31,2024,Q1,1,March,3,Mar,13,Sunday,31,1,FY2023,FQ2,2024-03
20240401,2024-04-01,2024,Q2,2,April,4,Apr,14,Monday,1,0,FY2024,FQ3,2024-04
20240402,2024-04-02,2024,Q2,2,April,4,Apr,14,Tuesday,2,0,FY2024,FQ3,2024-04
20240403,2024-04-03,2024,Q2,2,April,4,Apr,14,Wednesday,3,0,FY2024,FQ3,2024-04
20240404,2024-04-04,2024,Q2,2,April,4,Apr,14,Thursday,4,0,FY2024,FQ3,2024-04
20240405,2024-04-05,2024,Q2,2,April,4,Apr,14,Friday,5,0,FY2024,FQ3,2024-04
20240406,2024-04-06,2024,Q2,2,April,4,Apr,14,Saturday,6,1,FY2024,FQ3,2024-04
20240407,2024-04-07,2024,Q2,2,April,4,Apr,14,Sunday,7,1,FY2024,FQ3,2024-04
20240408,2024-04-08,2024,Q2,2,April,4,Apr,15,Monday,8,0,FY2024,FQ3,2024-04
20240409,2024-04-09,2024,Q2,2,April,4,Apr,15,Tuesday,9,0,FY2024,FQ3,2024-04
20240410,2024-04-10,2024,Q2,2,April,4,Apr,15,Wednesday,10,0,FY2024,FQ3,2024-04
20240411,2024-04-11,2024,Q2,2,April,4,Apr,15,Thursday,11,0,FY2024,FQ3,2024-04
20240412,2024-04-12,2024,Q2,2,April,4,Apr,15,Friday,12,0,FY2024,FQ3,2024-04
20240413,2024-04-13,2024,Q2,2,April,4,Apr,15,Saturday,13,1,FY2024,FQ3,2024-04
20240414,2024-04-14,2024,Q2,2,April,4,Apr,15,Sunday,14,1,FY2024,FQ3,2024-04
20240415,2024-04-15,2024,Q2,2,April,4,Apr,16,Monday,15,0,FY2024,FQ3,2024-04
20240416,2024-04-16,2024,Q2,2,April,4,Apr,16,Tuesday,16,0,FY2024,FQ3,2024-04
20240417,2024-04-17,2024,Q2,2,April,4,Apr,16,Wednesday,17,0,FY2024,FQ3,2024-04
20240418,2024-04-18,2024,Q2,2,April,4,Apr,16,Thursday,18,0,FY2024,FQ3,2024-04
20240419,2024-04-19,2024,Q2,2,April,4,Apr,16,Friday,19,0,FY2024,FQ3,2024-04
20240420,2024-04-20,2024,Q2,2,April,4,Apr,16,Saturday,20,1,FY2024,FQ3,2024-04
20240421,2024-04-21,2024,Q2,2,April,4,Apr,16,Sunday,21,1,FY2024,FQ3,2024-04
20240422,2024-04-22,2024,Q2,2,April,4,Apr,17,Monday,22,0,FY2024,FQ3,2024-04
20240423,2024-04-23,2024,Q2,2,April,4,Apr,17,Tuesday,23,0,FY2024,FQ3,2024-04
20240424,2024-04-24,2024,Q2,2,April,4,Apr,17,Wednesday,24,0,FY2024,FQ3,2024-04
20240425,2024-04-25,2024,Q2,2,April,4,Apr,17,Thursday,25,0,FY2024,FQ3,2024-04
20240426,2024-04-26,2024,Q2,2,April,4,Apr,17,Friday,26,0,FY2024,FQ3,2024-04
20240427,2024-04-27,2024,Q2,2,April,4,Apr,17,Saturday,27,1,FY2024,FQ3,2024-04
20240428,2024-04-28,2024,Q2,2,April,4,Apr,17,Sunday,28,1,FY2024,FQ3,2024-04
20240429,2024-04-29,2024,Q2,2,April,4,Apr,18,Monday,29,0,FY2024,FQ3,2024-04
20240430,2024-04-30,2024,Q2,2,April,4,Apr,18,Tuesday,30,0,FY2024,FQ3,2024-04
20240501,2024-05-01,2024,Q2,2,May,5,May,18,Wednesday,1,0,FY2024,FQ3,2024-05
20240502,2024-05-02,2024,Q2,2,May,5,May,18,Thursday,2,0,FY2024,FQ3,2024-05
20240503,2024-05-03,2024,Q2,2,May,5,May,18,Friday,3,0,FY2024,FQ3,2024-05
20240504,2024-05-04,2024,Q2,2,May,5,May,18,Saturday,4,1,FY2024,FQ3,2024-05
20240505,2024-05-05,2024,Q2,2,May,5,May,18,Sunday,5,1,FY2024,FQ3,2024-05
20240506,2024-05-06,2024,Q2,2,May,5,May,19,Monday,6,0,FY2024,FQ3,2024-05
20240507,2024-05-07,2024,Q2,2,May,5,May,19,Tuesday,7,0,FY2024,FQ3,2024-05
20240508,2024-05-08,2024,Q2,2,May,5,May,19,Wednesday,8,0,FY2024,FQ3,2024-05
20240509,2024-05-09,2024,Q2,2,May,5,May,19,Thursday,9,0,FY2024,FQ3,2024-05
20240510,2024-05-10,2024,Q2,2,May,5,May,19,Friday,10,0,FY2024,FQ3,2024-05
20240511,2024-05-11,2024,Q2,2,May,5,May,19,Saturday,11,1,FY2024,FQ3,2024-05
20240512,2024-05-12,2024,Q2,2,May,5,May,19,Sunday,12,1,FY2024,FQ3,2024-05
20240513,2024-05-13,2024,Q2,2,May,5,May,20,Monday,13,0,FY2024,FQ3,2024-05
20240514,2024-05-14,2024,Q2,2,May,5,May,20,Tuesday,14,0,FY2024,FQ3,2024-05
20240515,2024-05-15,2024,Q2,2,May,5,May,20,Wednesday,15,0,FY2024,FQ3,2024-05
20240516,2024-05-16,2024,Q2,2,May,5,May,20,Thursday,16,0,FY2024,FQ3,2024-05
20240517,2024-05-17,2024,Q2,2,May,5,May,20,Friday,17,0,FY2024,FQ3,2024-05
20240518,2024-05-18,2024,Q2,2,May,5,May,20,Saturday,18,1,FY2024,FQ3,2024-05
20240519,2024-05-19,2024,Q2,2,May,5,May,20,Sunday,19,1,FY2024,FQ3,2024-05
20240520,2024-05-20,2024,Q2,2,May,5,May,21,Monday,20,0,FY2024,FQ3,2024-05
20240521,2024-05-21,2024,Q2,2,May,5,May,21,Tuesday,21,0,FY2024,FQ3,2024-05
20240522,2024-05-22,2024,Q2,2,May,5,May,21,Wednesday,22,0,FY2024,FQ3,2024-05
20240523,2024-05-23,2024,Q2,2,May,5,May,21,Thursday,23,0,FY2024,FQ3,2024-05
20240524,2024-05-24,2024,Q2,2,May,5,May,21,Friday,24,0,FY2024,FQ3,2024-05
20240525,2024-05-25,2024,Q2,2,May,5,May,21,Saturday,25,1,FY2024,FQ3,2024-05
20240526,2024-05-26,2024,Q2,2,May,5,May,21,Sunday,26,1,FY2024,FQ3,2024-05
20240527,2024-05-27,2024,Q2,2,May,5,May,22,Monday,27,0,FY2024,FQ3,2024-05
20240528,2024-05-28,2024,Q2,2,May,5,May,22,Tuesday,28,0,FY2024,FQ3,2024-05
20240529,2024-05-29,2024,Q2,2,May,5,May,22,Wednesday,29,0,FY2024,FQ3,2024-05
20240530,2024-05-30,2024,Q2,2,May,5,May,22,Thursday,30,0,FY2024,FQ3,2024-05
20240531,2024-05-31,2024,Q2,2,May,5,May,22,Friday,31,0,FY2024,FQ3,2024-05
20240601,2024-06-01,2024,Q2,2,June,6,Jun,22,Saturday,1,1,FY2024,FQ3,2024-06
20240602,2024-06-02,2024,Q2,2,June,6,Jun,22,Sunday,2,1,FY2024,FQ3,2024-06
20240603,2024-06-03,2024,Q2,2,June,6,Jun,23,Monday,3,0,FY2024,FQ3,2024-06
20240604,2024-06-04,2024,Q2,2,June,6,Jun,23,Tuesday,4,0,FY2024,FQ3,2024-06
20240605,2024-06-05,2024,Q2,2,June,6,Jun,23,Wednesday,5,0,FY2024,FQ3,2024-06
20240606,2024-06-06,2024,Q2,2,June,6,Jun,23,Thursday,6,0,FY2024,FQ3,2024-06
20240607,2024-06-07,2024,Q2,2,June,6,Jun,23,Friday,7,0,FY2024,FQ3,2024-06
20240608,2024-06-08,2024,Q2,2,June,6,Jun,23,Saturday,8,1,FY2024,FQ3,2024-06
20240609,2024-06-09,2024,Q2,2,June,6,Jun,23,Sunday,9,1,FY2024,FQ3,2024-06
20240610,2024-06-10,2024,Q2,2,June,6,Jun,24,Monday,10,0,FY2024,FQ3,2024-06
20240611,2024-06-11,2024,Q2,2,June,6,Jun,24,Tuesday,11,0,FY2024,FQ3,2024-06
20240612,2024-06-12,2024,Q2,2,June,6,Jun,24,Wednesday,12,0,FY2024,FQ3,2024-06
20240613,2024-06-13,2024,Q2,2,June,6,Jun,24,Thursday,13,0,FY2024,FQ3,2024-06
20240614,2024-06-14,2024,Q2,2,June,6,Jun,24,Friday,14,0,FY2024,FQ3,2024-06
20240615,2024-06-15,2024,Q2,2,June,6,Jun,24,Saturday,15,1,FY2024,FQ3,2024-06
20240616,2024-06-16,2024,Q2,2,June,6,Jun,24,Sunday,16,1,FY2024,FQ3,2024-06
20240617,2024-06-17,2024,Q2,2,June,6,Jun,25,Monday,17,0,FY2024,FQ3,2024-06
20240618,2024-06-18,2024,Q2,2,June,6,Jun,25,Tuesday,18,0,FY2024,FQ3,2024-06
20240619,2024-06-19,2024,Q2,2,June,6,Jun,25,Wednesday,19,0,FY2024,FQ3,2024-06
20240620,2024-06-20,2024,Q2,2,June,6,Jun,25,Thursday,20,0,FY2024,FQ3,2024-06
20240621,2024-06-21,2024,Q2,2,June,6,Jun,25,Friday,21,0,FY2024,FQ3,2024-06
20240622,2024-06-22,2024,Q2,2,June,6,Jun,25,Saturday,22,1,FY2024,FQ3,2024-06
20240623,2024-06-23,2024,Q2,2,June,6,Jun,25,Sunday,23,1,FY2024,FQ3,2024-06
20240624,2024-06-24,2024,Q2,2,June,6,Jun,26,Monday,24,0,FY2024,FQ3,2024-06
20240625,2024-06-25,2024,Q2,2,June,6,Jun,26,Tuesday,25,0,FY2024,FQ3,2024-06
20240626,2024-06-26,2024,Q2,2,June,6,Jun,26,Wednesday,26,0,FY2024,FQ3,2024-06
20240627,2024-06-27,2024,Q2,2,June,6,Jun,26,Thursday,27,0,FY2024,FQ3,2024-06
20240628,2024-06-28,2024,Q2,2,June,6,Jun,26,Friday,28,0,FY2024,FQ3,2024-06
20240629,2024-06-29,2024,Q2,2,June,6,Jun,26,Saturday,29,1,FY2024,FQ3,2024-06
20240630,2024-06-30,2024,Q2,2,June,6,Jun,26,Sunday,30,1,FY2024,FQ3,2024-06
20240701,2024-07-01,2024,Q3,3,July,7,Jul,27,Monday,1,0,FY2024,FQ4,2024-07
20240702,2024-07-02,2024,Q3,3,July,7,Jul,27,Tuesday,2,0,FY2024,FQ4,2024-07
20240703,2024-07-03,2024,Q3,3,July,7,Jul,27,Wednesday,3,0,FY2024,FQ4,2024-07
20240704,2024-07-04,2024,Q3,3,July,7,Jul,27,Thursday,4,0,FY2024,FQ4,2024-07
20240705,2024-07-05,2024,Q3,3,July,7,Jul,27,Friday,5,0,FY2024,FQ4,2024-07
20240706,2024-07-06,2024,Q3,3,July,7,Jul,27,Saturday,6,1,FY2024,FQ4,2024-07
20240707,2024-07-07,2024,Q3,3,July,7,Jul,27,Sunday,7,1,FY2024,FQ4,2024-07
20240708,2024-07-08,2024,Q3,3,July,7,Jul,28,Monday,8,0,FY2024,FQ4,2024-07
20240709,2024-07-09,2024,Q3,3,July,7,Jul,28,Tuesday,9,0,FY2024,FQ4,2024-07
20240710,2024-07-10,2024,Q3,3,July,7,Jul,28,Wednesday,10,0,FY2024,FQ4,2024-07
20240711,2024-07-11,2024,Q3,3,July,7,Jul,28,Thursday,11,0,FY2024,FQ4,2024-07
20240712,2024-07-12,2024,Q3,3,July,7,Jul,28,Friday,12,0,FY2024,FQ4,2024-07
20240713,2024-07-13,2024,Q3,3,July,7,Jul,28,Saturday,13,1,FY2024,FQ4,2024-07
20240714,2024-07-14,2024,Q3,3,July,7,Jul,28,Sunday,14,1,FY2024,FQ4,2024-07
20240715,2024-07-15,2024,Q3,3,July,7,Jul,29,Monday,15,0,FY2024,FQ4,2024-07
20240716,2024-07-16,2024,Q3,3,July,7,Jul,29,Tuesday,16,0,FY2024,FQ4,2024-07
20240717,2024-07-17,2024,Q3,3,July,7,Jul,29,Wednesday,17,0,FY2024,FQ4,2024-07
20240718,2024-07-18,2024,Q3,3,July,7,Jul,29,Thursday,18,0,FY2024,FQ4,2024-07
20240719,2024-07-19,2024,Q3,3,July,7,Jul,29,Friday,19,0,FY2024,FQ4,2024-07
20240720,2024-07-20,2024,Q3,3,July,7,Jul,29,Saturday,20,1,FY2024,FQ4,2024-07
20240721,2024-07-21,2024,Q3,3,July,7,Jul,29,Sunday,21,1,FY2024,FQ4,2024-07
20240722,2024-07-22,2024,Q3,3,July,7,Jul,30,Monday,22,0,FY2024,FQ4,2024-07
20240723,2024-07-23,2024,Q3,3,July,7,Jul,30,Tuesday,23,0,FY2024,FQ4,2024-07
20240724,2024-07-24,2024,Q3,3,July,7,Jul,30,Wednesday,24,0,FY2024,FQ4,2024-07
20240725,2024-07-25,2024,Q3,3,July,7,Jul,30,Thursday,25,0,FY2024,FQ4,2024-07
20240726,2024-07-26,2024,Q3,3,July,7,Jul,30,Friday,26,0,FY2024,FQ4,2024-07
20240727,2024-07-27,2024,Q3,3,July,7,Jul,30,Saturday,27,1,FY2024,FQ4,2024-07
20240728,2024-07-28,2024,Q3,3,July,7,Jul,30,Sunday,28,1,FY2024,FQ4,2024-07
20240729,2024-07-29,2024,Q3,3,July,7,Jul,31,Monday,29,0,FY2024,FQ4,2024-07
20240730,2024-07-30,2024,Q3,3,July,7,Jul,31,Tuesday,30,0,FY2024,FQ4,2024-07
20240731,2024-07-31,2024,Q3,3,July,7,Jul,31,Wednesday,31,0,FY2024,FQ4,2024-07
20240801,2024-08-01,2024,Q3,3,August,8,Aug,31,Thursday,1,0,FY2024,FQ4,2024-08
20240802,2024-08-02,2024,Q3,3,August,8,Aug,31,Friday,2,0,FY2024,FQ4,2024-08
20240803,2024-08-03,2024,Q3,3,August,8,Aug,31,Saturday,3,1,FY2024,FQ4,2024-08
20240804,2024-08-04,2024,Q3,3,August,8,Aug,31,Sunday,4,1,FY2024,FQ4,2024-08
20240805,2024-08-05,2024,Q3,3,August,8,Aug,32,Monday,5,0,FY2024,FQ4,2024-08
20240806,2024-08-06,2024,Q3,3,August,8,Aug,32,Tuesday,6,0,FY2024,FQ4,2024-08
20240807,2024-08-07,2024,Q3,3,August,8,Aug,32,Wednesday,7,0,FY2024,FQ4,2024-08
20240808,2024-08-08,2024,Q3,3,August,8,Aug,32,Thursday,8,0,FY2024,FQ4,2024-08
20240809,2024-08-09,2024,Q3,3,August,8,Aug,32,Friday,9,0,FY2024,FQ4,2024-08
20240810,2024-08-10,2024,Q3,3,August,8,Aug,32,Saturday,10,1,FY2024,FQ4,2024-08
20240811,2024-08-11,2024,Q3,3,August,8,Aug,32,Sunday,11,1,FY2024,FQ4,2024-08
20240812,2024-08-12,2024,Q3,3,August,8,Aug,33,Monday,12,0,FY2024,FQ4,2024-08
20240813,2024-08-13,2024,Q3,3,August,8,Aug,33,Tuesday,13,0,FY2024,FQ4,2024-08
20240814,2024-08-14,2024,Q3,3,August,8,Aug,33,Wednesday,14,0,FY2024,FQ4,2024-08
20240815,2024-08-15,2024,Q3,3,August,8,Aug,33,Thursday,15,0,FY2024,FQ4,2024-08
20240816,2024-08-16,2024,Q3,3,August,8,Aug,33,Friday,16,0,FY2024,FQ4,2024-08
20240817,2024-08-17,2024,Q3,3,August,8,Aug,33,Saturday,17,1,FY2024,FQ4,2024-08
20240818,2024-08-18,2024,Q3,3,August,8,Aug,33,Sunday,18,1,FY2024,FQ4,2024-08
20240819,2024-08-19,2024,Q3,3,August,8,Aug,34,Monday,19,0,FY2024,FQ4,2024-08
20240820,2024-08-20,2024,Q3,3,August,8,Aug,34,Tuesday,20,0,FY2024,FQ4,2024-08
20240821,2024-08-21,2024,Q3,3,August,8,Aug,34,Wednesday,21,0,FY2024,FQ4,2024-08
20240822,2024-08-22,2024,Q3,3,August,8,Aug,34,Thursday,22,0,FY2024,FQ4,2024-08
20240823,2024-08-23,2024,Q3,3,August,8,Aug,34,Friday,23,0,FY2024,FQ4,2024-08
20240824,2024-08-24,2024,Q3,3,August,8,Aug,34,Saturday,24,1,FY2024,FQ4,2024-08
20240825,2024-08-25,2024,Q3,3,August,8,Aug,34,Sunday,25,1,FY2024,FQ4,2024-08
20240826,2024-08-26,2024,Q3,3,August,8,Aug,35,Monday,26,0,FY2024,FQ4,2024-08
20240827,2024-08-27,2024,Q3,3,August,8,Aug,35,Tuesday,27,0,FY2024,FQ4,2024-08
20240828,2024-08-28,2024,Q3,3,August,8,Aug,35,Wednesday,28,0,FY2024,FQ4,2024-08
20240829,2024-08-29,2024,Q3,3,August,8,Aug,35,Thursday,29,0,FY2024,FQ4,2024-08
20240830,2024-08-30,2024,Q3,3,August,8,Aug,35,Friday,30,0,FY2024,FQ4,2024-08
20240831,2024-08-31,2024,Q3,3,August,8,Aug,35,Saturday,31,1,FY2024,FQ4,2024-08
20240901,2024-09-01,2024,Q3,3,September,9,Sep,35,Sunday,1,1,FY2024,FQ4,2024-09
20240902,2024-09-02,2024,Q3,3,September,9,Sep,36,Monday,2,0,FY2024,FQ4,2024-09
20240903,2024-09-03,2024,Q3,3,September,9,Sep,36,Tuesday,3,0,FY2024,FQ4,2024-09
20240904,2024-09-04,2024,Q3,3,September,9,Sep,36,Wednesday,4,0,FY2024,FQ4,2024-09
20240905,2024-09-05,2024,Q3,3,September,9,Sep,36,Thursday,5,0,FY2024,FQ4,2024-09
20240906,2024-09-06,2024,Q3,3,September,9,Sep,36,Friday,6,0,FY2024,FQ4,2024-09
20240907,2024-09-07,2024,Q3,3,September,9,Sep,36,Saturday,7,1,FY2024,FQ4,2024-09
20240908,2024-09-08,2024,Q3,3,September,9,Sep,36,Sunday,8,1,FY2024,FQ4,2024-09
20240909,2024-09-09,2024,Q3,3,September,9,Sep,37,Monday,9,0,FY2024,FQ4,2024-09
20240910,2024-09-10,2024,Q3,3,September,9,Sep,37,Tuesday,10,0,FY2024,FQ4,2024-09
20240911,2024-09-11,2024,Q3,3,September,9,Sep,37,Wednesday,11,0,FY2024,FQ4,2024-09
20240912,2024-09-12,2024,Q3,3,September,9,Sep,37,Thursday,12,0,FY2024,FQ4,2024-09
20240913,2024-09-13,2024,Q3,3,September,9,Sep,37,Friday,13,0,FY2024,FQ4,2024-09
20240914,2024-09-14,2024,Q3,3,September,9,Sep,37,Saturday,14,1,FY2024,FQ4,2024-09
20240915,2024-09-15,2024,Q3,3,September,9,Sep,37,Sunday,15,1,FY2024,FQ4,2024-09
20240916,2024-09-16,2024,Q3,3,September,9,Sep,38,Monday,16,0,FY2024,FQ4,2024-09
20240917,2024-09-17,2024,Q3,3,September,9,Sep,38,Tuesday,17,0,FY2024,FQ4,2024-09
20240918,2024-09-18,2024,Q3,3,September,9,Sep,38,Wednesday,18,0,FY2024,FQ4,2024-09
20240919,2024-09-19,2024,Q3,3,September,9,Sep,38,Thursday,19,0,FY2024,FQ4,2024-09
20240920,2024-09-20,2024,Q3,3,September,9,Sep,38,Friday,20,0,FY2024,FQ4,2024-09
20240921,2024-09-21,2024,Q3,3,September,9,Sep,38,Saturday,21,1,FY2024,FQ4,2024-09
20240922,2024-09-22,2024,Q3,3,September,9,Sep,38,Sunday,22,1,FY2024,FQ4,2024-09
20240923,2024-09-23,2024,Q3,3,September,9,Sep,39,Monday,23,0,FY2024,FQ4,2024-09
20240924,2024-09-24,2024,Q3,3,September,9,Sep,39,Tuesday,24,0,FY2024,FQ4,2024-09
20240925,2024-09-25,2024,Q3,3,September,9,Sep,39,Wednesday,25,0,FY2024,FQ4,2024-09
20240926,2024-09-26,2024,Q3,3,September,9,Sep,39,Thursday,26,0,FY2024,FQ4,2024-09
20240927,2024-09-27,2024,Q3,3,September,9,Sep,39,Friday,27,0,FY2024,FQ4,2024-09
20240928,2024-09-28,2024,Q3,3,September,9,Sep,39,Saturday,28,1,FY2024,FQ4,2024-09
20240929,2024-09-29,2024,Q3,3,September,9,Sep,39,Sunday,29,1,FY2024,FQ4,2024-09
20240930,2024-09-30,2024,Q3,3,September,9,Sep,40,Monday,30,0,FY2024,FQ4,2024-09
20241001,2024-10-01,2024,Q4,4,October,10,Oct,40,Tuesday,1,0,FY2024,FQ1,2024-10
20241002,2024-10-02,2024,Q4,4,October,10,Oct,40,Wednesday,2,0,FY2024,FQ1,2024-10
20241003,2024-10-03,2024,Q4,4,October,10,Oct,40,Thursday,3,0,FY2024,FQ1,2024-10
20241004,2024-10-04,2024,Q4,4,October,10,Oct,40,Friday,4,0,FY2024,FQ1,2024-10
20241005,2024-10-05,2024,Q4,4,October,10,Oct,40,Saturday,5,1,FY2024,FQ1,2024-10
20241006,2024-10-06,2024,Q4,4,October,10,Oct,40,Sunday,6,1,FY2024,FQ1,2024-10
20241007,2024-10-07,2024,Q4,4,October,10,Oct,41,Monday,7,0,FY2024,FQ1,2024-10
20241008,2024-10-08,2024,Q4,4,October,10,Oct,41,Tuesday,8,0,FY2024,FQ1,2024-10
20241009,2024-10-09,2024,Q4,4,October,10,Oct,41,Wednesday,9,0,FY2024,FQ1,2024-10
20241010,2024-10-10,2024,Q4,4,October,10,Oct,41,Thursday,10,0,FY2024,FQ1,2024-10
20241011,2024-10-11,2024,Q4,4,October,10,Oct,41,Friday,11,0,FY2024,FQ1,2024-10
20241012,2024-10-12,2024,Q4,4,October,10,Oct,41,Saturday,12,1,FY2024,FQ1,2024-10
20241013,2024-10-13,2024,Q4,4,October,10,Oct,41,Sunday,13,1,FY2024,FQ1,2024-10
20241014,2024-10-14,2024,Q4,4,October,10,Oct,42,Monday,14,0,FY2024,FQ1,2024-10
20241015,2024-10-15,2024,Q4,4,October,10,Oct,42,Tuesday,15,0,FY2024,FQ1,2024-10
20241016,2024-10-16,2024,Q4,4,October,10,Oct,42,Wednesday,16,0,FY2024,FQ1,2024-10
20241017,2024-10-17,2024,Q4,4,October,10,Oct,42,Thursday,17,0,FY2024,FQ1,2024-10
20241018,2024-10-18,2024,Q4,4,October,10,Oct,42,Friday,18,0,FY2024,FQ1,2024-10
20241019,2024-10-19,2024,Q4,4,October,10,Oct,42,Saturday,19,1,FY2024,FQ1,2024-10
20241020,2024-10-20,2024,Q4,4,October,10,Oct,42,Sunday,20,1,FY2024,FQ1,2024-10
20241021,2024-10-21,2024,Q4,4,October,10,Oct,43,Monday,21,0,FY2024,FQ1,2024-10
20241022,2024-10-22,2024,Q4,4,October,10,Oct,43,Tuesday,22,0,FY2024,FQ1,2024-10
20241023,2024-10-23,2024,Q4,4,October,10,Oct,43,Wednesday,23,0,FY2024,FQ1,2024-10
20241024,2024-10-24,2024,Q4,4,October,10,Oct,43,Thursday,24,0,FY2024,FQ1,2024-10
20241025,2024-10-25,2024,Q4,4,October,10,Oct,43,Friday,25,0,FY2024,FQ1,2024-10
20241026,2024-10-26,2024,Q4,4,October,10,Oct,43,Saturday,26,1,FY2024,FQ1,2024-10
20241027,2024-10-27,2024,Q4,4,October,10,Oct,43,Sunday,27,1,FY2024,FQ1,2024-10
20241028,2024-10-28,2024,Q4,4,October,10,Oct,44,Monday,28,0,FY2024,FQ1,2024-10
20241029,2024-10-29,2024,Q4,4,October,10,Oct,44,Tuesday,29,0,FY2024,FQ1,2024-10
20241030,2024-10-30,2024,Q4,4,October,10,Oct,44,Wednesday,30,0,FY2024,FQ1,2024-10
20241031,2024-10-31,2024,Q4,4,October,10,Oct,44,Thursday,31,0,FY2024,FQ1,2024-10
20241101,2024-11-01,2024,Q4,4,November,11,Nov,44,Friday,1,0,FY2024,FQ1,2024-11
20241102,2024-11-02,2024,Q4,4,November,11,Nov,44,Saturday,2,1,FY2024,FQ1,2024-11
20241103,2024-11-03,2024,Q4,4,November,11,Nov,44,Sunday,3,1,FY2024,FQ1,2024-11
20241104,2024-11-04,2024,Q4,4,November,11,Nov,45,Monday,4,0,FY2024,FQ1,2024-11
20241105,2024-11-05,2024,Q4,4,November,11,Nov,45,Tuesday,5,0,FY2024,FQ1,2024-11
20241106,2024-11-06,2024,Q4,4,November,11,Nov,45,Wednesday,6,0,FY2024,FQ1,2024-11
20241107,2024-11-07,2024,Q4,4,November,11,Nov,45,Thursday,7,0,FY2024,FQ1,2024-11
20241108,2024-11-08,2024,Q4,4,November,11,Nov,45,Friday,8,0,FY2024,FQ1,2024-11
20241109,2024-11-09,2024,Q4,4,November,11,Nov,45,Saturday,9,1,FY2024,FQ1,2024-11
20241110,2024-11-10,2024,Q4,4,November,11,Nov,45,Sunday,10,1,FY2024,FQ1,2024-11
20241111,2024-11-11,2024,Q4,4,November,11,Nov,46,Monday,11,0,FY2024,FQ1,2024-11
20241112,2024-11-12,2024,Q4,4,November,11,Nov,46,Tuesday,12,0,FY2024,FQ1,2024-11
20241113,2024-11-13,2024,Q4,4,November,11,Nov,46,Wednesday,13,0,FY2024,FQ1,2024-11
20241114,2024-11-14,2024,Q4,4,November,11,Nov,46,Thursday,14,0,FY2024,FQ1,2024-11
20241115,2024-11-15,2024,Q4,4,November,11,Nov,46,Friday,15,0,FY2024,FQ1,2024-11
20241116,2024-11-16,2024,Q4,4,November,11,Nov,46,Saturday,16,1,FY2024,FQ1,2024-11
20241117,2024-11-17,2024,Q4,4,November,11,Nov,46,Sunday,17,1,FY2024,FQ1,2024-11
20241118,2024-11-18,2024,Q4,4,November,11,Nov,47,Monday,18,0,FY2024,FQ1,2024-11
20241119,2024-11-19,2024,Q4,4,November,11,Nov,47,Tuesday,19,0,FY2024,FQ1,2024-11
20241120,2024-11-20,2024,Q4,4,November,11,Nov,47,Wednesday,20,0,FY2024,FQ1,2024-11
20241121,2024-11-21,2024,Q4,4,November,11,Nov,47,Thursday,21,0,FY2024,FQ1,2024-11
20241122,2024-11-22,2024,Q4,4,November,11,Nov,47,Friday,22,0,FY2024,FQ1,2024-11
20241123,2024-11-23,2024,Q4,4,November,11,Nov,47,Saturday,23,1,FY2024,FQ1,2024-11
20241124,2024-11-24,2024,Q4,4,November,11,Nov,47,Sunday,24,1,FY2024,FQ1,2024-11
20241125,2024-11-25,2024,Q4,4,November,11,Nov,48,Monday,25,0,FY2024,FQ1,2024-11
20241126,2024-11-26,2024,Q4,4,November,11,Nov,48,Tuesday,26,0,FY2024,FQ1,2024-11
20241127,2024-11-27,2024,Q4,4,November,11,Nov,48,Wednesday,27,0,FY2024,FQ1,2024-11
20241128,2024-11-28,2024,Q4,4,November,11,Nov,48,Thursday,28,0,FY2024,FQ1,2024-11
20241129,2024-11-29,2024,Q4,4,November,11,Nov,48,Friday,29,0,FY2024,FQ1,2024-11
20241130,2024-11-30,2024,Q4,4,November,11,Nov,48,Saturday,30,1,FY2024,FQ1,2024-11
20241201,2024-12-01,2024,Q4,4,December,12,Dec,48,Sunday,1,1,FY2024,FQ1,2024-12
20241202,2024-12-02,2024,Q4,4,December,12,Dec,49,Monday,2,0,FY2024,FQ1,2024-12
20241203,2024-12-03,2024,Q4,4,December,12,Dec,49,Tuesday,3,0,FY2024,FQ1,2024-12
20241204,2024-12-04,2024,Q4,4,December,12,Dec,49,Wednesday,4,0,FY2024,FQ1,2024-12
20241205,2024-12-05,2024,Q4,4,December,12,Dec,49,Thursday,5,0,FY2024,FQ1,2024-12
20241206,2024-12-06,2024,Q4,4,December,12,Dec,49,Friday,6,0,FY2024,FQ1,2024-12
20241207,2024-12-07,2024,Q4,4,December,12,Dec,49,Saturday,7,1,FY2024,FQ1,2024-12
20241208,2024-12-08,2024,Q4,4,December,12,Dec,49,Sunday,8,1,FY2024,FQ1,2024-12
20241209,2024-12-09,2024,Q4,4,December,12,Dec,50,Monday,9,0,FY2024,FQ1,2024-12
20241210,2024-12-10,2024,Q4,4,December,12,Dec,50,Tuesday,10,0,FY2024,FQ1,2024-12
20241211,2024-12-11,2024,Q4,4,December,12,Dec,50,Wednesday,11,0,FY2024,FQ1,2024-12
20241212,2024-12-12,2024,Q4,4,December,12,Dec,50,Thursday,12,0,FY2024,FQ1,2024-12
20241213,2024-12-13,2024,Q4,4,December,12,Dec,50,Friday,13,0,FY2024,FQ1,2024-12
20241214,2024-12-14,2024,Q4,4,December,12,Dec,50,Saturday,14,1,FY2024,FQ1,2024-12
20241215,2024-12-15,2024,Q4,4,December,12,Dec,50,Sunday,15,1,FY2024,FQ1,2024-12
20241216,2024-12-16,2024,Q4,4,December,12,Dec,51,Monday,16,0,FY2024,FQ1,2024-12
20241217,2024-12-17,2024,Q4,4,December,12,Dec,51,Tuesday,17,0,FY2024,FQ1,2024-12
20241218,2024-12-18,2024,Q4,4,December,12,Dec,51,Wednesday,18,0,FY2024,FQ1,2024-12
20241219,2024-12-19,2024,Q4,4,December,12,Dec,51,Thursday,19,0,FY2024,FQ1,2024-12
20241220,2024-12-20,2024,Q4,4,December,12,Dec,51,Friday,20,0,FY2024,FQ1,2024-12
20241221,2024-12-21,2024,Q4,4,December,12,Dec,51,Saturday,21,1,FY2024,FQ1,2024-12
20241222,2024-12-22,2024,Q4,4,December,12,Dec,51,Sunday,22,1,FY2024,FQ1,2024-12
20241223,2024-12-23,2024,Q4,4,December,12,Dec,52,Monday,23,0,FY2024,FQ1,2024-12
20241224,2024-12-24,2024,Q4,4,December,12,Dec,52,Tuesday,24,0,FY2024,FQ1,2024-12
20241225,2024-12-25,2024,Q4,4,December,12,Dec,52,Wednesday,25,0,FY2024,FQ1,2024-12
20241226,2024-12-26,2024,Q4,4,December,12,Dec,52,Thursday,26,0,FY2024,FQ1,2024-12
20241227,2024-12-27,2024,Q4,4,December,12,Dec,52,Friday,27,0,FY2024,FQ1,2024-12
20241228,2024-12-28,2024,Q4,4,December,12,Dec,52,Saturday,28,1,FY2024,FQ1,2024-12
20241229,2024-12-29,2024,Q4,4,December,12,Dec,52,Sunday,29,1,FY2024,FQ1,2024-12
20241230,2024-12-30,2024,Q4,4,December,12,Dec,1,Monday,30,0,FY2024,FQ1,2024-12
20241231,2024-12-31,2024,Q4,4,December,12,Dec,1,Tuesday,31,0,FY2024,FQ1,2024-12
20250101,2025-01-01,2025,Q1,1,January,1,Jan,1,Wednesday,1,0,FY2024,FQ2,2025-01
20250102,2025-01-02,2025,Q1,1,January,1,Jan,1,Thursday,2,0,FY2024,FQ2,2025-01
20250103,2025-01-03,2025,Q1,1,January,1,Jan,1,Friday,3,0,FY2024,FQ2,2025-01
20250104,2025-01-04,2025,Q1,1,January,1,Jan,1,Saturday,4,1,FY2024,FQ2,2025-01
20250105,2025-01-05,2025,Q1,1,January,1,Jan,1,Sunday,5,1,FY2024,FQ2,2025-01
20250106,2025-01-06,2025,Q1,1,January,1,Jan,2,Monday,6,0,FY2024,FQ2,2025-01
20250107,2025-01-07,2025,Q1,1,January,1,Jan,2,Tuesday,7,0,FY2024,FQ2,2025-01
20250108,2025-01-08,2025,Q1,1,January,1,Jan,2,Wednesday,8,0,FY2024,FQ2,2025-01
20250109,2025-01-09,2025,Q1,1,January,1,Jan,2,Thursday,9,0,FY2024,FQ2,2025-01
20250110,2025-01-10,2025,Q1,1,January,1,Jan,2,Friday,10,0,FY2024,FQ2,2025-01
20250111,2025-01-11,2025,Q1,1,January,1,Jan,2,Saturday,11,1,FY2024,FQ2,2025-01
20250112,2025-01-12,2025,Q1,1,January,1,Jan,2,Sunday,12,1,FY2024,FQ2,2025-01
20250113,2025-01-13,2025,Q1,1,January,1,Jan,3,Monday,13,0,FY2024,FQ2,2025-01
20250114,2025-01-14,2025,Q1,1,January,1,Jan,3,Tuesday,14,0,FY2024,FQ2,2025-01
20250115,2025-01-15,2025,Q1,1,January,1,Jan,3,Wednesday,15,0,FY2024,FQ2,2025-01
20250116,2025-01-16,2025,Q1,1,January,1,Jan,3,Thursday,16,0,FY2024,FQ2,2025-01
20250117,2025-01-17,2025,Q1,1,January,1,Jan,3,Friday,17,0,FY2024,FQ2,2025-01
20250118,2025-01-18,2025,Q1,1,January,1,Jan,3,Saturday,18,1,FY2024,FQ2,2025-01
20250119,2025-01-19,2025,Q1,1,January,1,Jan,3,Sunday,19,1,FY2024,FQ2,2025-01
20250120,2025-01-20,2025,Q1,1,January,1,Jan,4,Monday,20,0,FY2024,FQ2,2025-01
20250121,2025-01-21,2025,Q1,1,January,1,Jan,4,Tuesday,21,0,FY2024,FQ2,2025-01
20250122,2025-01-22,2025,Q1,1,January,1,Jan,4,Wednesday,22,0,FY2024,FQ2,2025-01
20250123,2025-01-23,2025,Q1,1,January,1,Jan,4,Thursday,23,0,FY2024,FQ2,2025-01
20250124,2025-01-24,2025,Q1,1,January,1,Jan,4,Friday,24,0,FY2024,FQ2,2025-01
20250125,2025-01-25,2025,Q1,1,January,1,Jan,4,Saturday,25,1,FY2024,FQ2,2025-01
20250126,2025-01-26,2025,Q1,1,January,1,Jan,4,Sunday,26,1,FY2024,FQ2,2025-01
20250127,2025-01-27,2025,Q1,1,January,1,Jan,5,Monday,27,0,FY2024,FQ2,2025-01
20250128,2025-01-28,2025,Q1,1,January,1,Jan,5,Tuesday,28,0,FY2024,FQ2,2025-01
20250129,2025-01-29,2025,Q1,1,January,1,Jan,5,Wednesday,29,0,FY2024,FQ2,2025-01
20250130,2025-01-30,2025,Q1,1,January,1,Jan,5,Thursday,30,0,FY2024,FQ2,2025-01
20250131,2025-01-31,2025,Q1,1,January,1,Jan,5,Friday,31,0,FY2024,FQ2,2025-01
20250201,2025-02-01,2025,Q1,1,February,2,Feb,5,Saturday,1,1,FY2024,FQ2,2025-02
20250202,2025-02-02,2025,Q1,1,February,2,Feb,5,Sunday,2,1,FY2024,FQ2,2025-02
20250203,2025-02-03,2025,Q1,1,February,2,Feb,6,Monday,3,0,FY2024,FQ2,2025-02
20250204,2025-02-04,2025,Q1,1,February,2,Feb,6,Tuesday,4,0,FY2024,FQ2,2025-02
20250205,2025-02-05,2025,Q1,1,February,2,Feb,6,Wednesday,5,0,FY2024,FQ2,2025-02
20250206,2025-02-06,2025,Q1,1,February,2,Feb,6,Thursday,6,0,FY2024,FQ2,2025-02
20250207,2025-02-07,2025,Q1,1,February,2,Feb,6,Friday,7,0,FY2024,FQ2,2025-02
20250208,2025-02-08,2025,Q1,1,February,2,Feb,6,Saturday,8,1,FY2024,FQ2,2025-02
20250209,2025-02-09,2025,Q1,1,February,2,Feb,6,Sunday,9,1,FY2024,FQ2,2025-02
20250210,2025-02-10,2025,Q1,1,February,2,Feb,7,Monday,10,0,FY2024,FQ2,2025-02
20250211,2025-02-11,2025,Q1,1,February,2,Feb,7,Tuesday,11,0,FY2024,FQ2,2025-02
20250212,2025-02-12,2025,Q1,1,February,2,Feb,7,Wednesday,12,0,FY2024,FQ2,2025-02
20250213,2025-02-13,2025,Q1,1,February,2,Feb,7,Thursday,13,0,FY2024,FQ2,2025-02
20250214,2025-02-14,2025,Q1,1,February,2,Feb,7,Friday,14,0,FY2024,FQ2,2025-02
20250215,2025-02-15,2025,Q1,1,February,2,Feb,7,Saturday,15,1,FY2024,FQ2,2025-02
20250216,2025-02-16,2025,Q1,1,February,2,Feb,7,Sunday,16,1,FY2024,FQ2,2025-02
20250217,2025-02-17,2025,Q1,1,February,2,Feb,8,Monday,17,0,FY2024,FQ2,2025-02
20250218,2025-02-18,2025,Q1,1,February,2,Feb,8,Tuesday,18,0,FY2024,FQ2,2025-02
20250219,2025-02-19,2025,Q1,1,February,2,Feb,8,Wednesday,19,0,FY2024,FQ2,2025-02
20250220,2025-02-20,2025,Q1,1,February,2,Feb,8,Thursday,20,0,FY2024,FQ2,2025-02
20250221,2025-02-21,2025,Q1,1,February,2,Feb,8,Friday,21,0,FY2024,FQ2,2025-02
20250222,2025-02-22,2025,Q1,1,February,2,Feb,8,Saturday,22,1,FY2024,FQ2,2025-02
20250223,2025-02-23,2025,Q1,1,February,2,Feb,8,Sunday,23,1,FY2024,FQ2,2025-02
20250224,2025-02-24,2025,Q1,1,February,2,Feb,9,Monday,24,0,FY2024,FQ2,2025-02
20250225,2025-02-25,2025,Q1,1,February,2,Feb,9,Tuesday,25,0,FY2024,FQ2,2025-02
20250226,2025-02-26,2025,Q1,1,February,2,Feb,9,Wednesday,26,0,FY2024,FQ2,2025-02
20250227,2025-02-27,2025,Q1,1,February,2,Feb,9,Thursday,27,0,FY2024,FQ2,2025-02
20250228,2025-02-28,2025,Q1,1,February,2,Feb,9,Friday,28,0,FY2024,FQ2,2025-02
20250301,2025-03-01,2025,Q1,1,March,3,Mar,9,Saturday,1,1,FY2024,FQ2,2025-03
20250302,2025-03-02,2025,Q1,1,March,3,Mar,9,Sunday,2,1,FY2024,FQ2,2025-03
20250303,2025-03-03,2025,Q1,1,March,3,Mar,10,Monday,3,0,FY2024,FQ2,2025-03
20250304,2025-03-04,2025,Q1,1,March,3,Mar,10,Tuesday,4,0,FY2024,FQ2,2025-03
20250305,2025-03-05,2025,Q1,1,March,3,Mar,10,Wednesday,5,0,FY2024,FQ2,2025-03
20250306,2025-03-06,2025,Q1,1,March,3,Mar,10,Thursday,6,0,FY2024,FQ2,2025-03
20250307,2025-03-07,2025,Q1,1,March,3,Mar,10,Friday,7,0,FY2024,FQ2,2025-03
20250308,2025-03-08,2025,Q1,1,March,3,Mar,10,Saturday,8,1,FY2024,FQ2,2025-03
20250309,2025-03-09,2025,Q1,1,March,3,Mar,10,Sunday,9,1,FY2024,FQ2,2025-03
20250310,2025-03-10,2025,Q1,1,March,3,Mar,11,Monday,10,0,FY2024,FQ2,2025-03
20250311,2025-03-11,2025,Q1,1,March,3,Mar,11,Tuesday,11,0,FY2024,FQ2,2025-03
20250312,2025-03-12,2025,Q1,1,March,3,Mar,11,Wednesday,12,0,FY2024,FQ2,2025-03
20250313,2025-03-13,2025,Q1,1,March,3,Mar,11,Thursday,13,0,FY2024,FQ2,2025-03
20250314,2025-03-14,2025,Q1,1,March,3,Mar,11,Friday,14,0,FY2024,FQ2,2025-03
20250315,2025-03-15,2025,Q1,1,March,3,Mar,11,Saturday,15,1,FY2024,FQ2,2025-03
20250316,2025-03-16,2025,Q1,1,March,3,Mar,11,Sunday,16,1,FY2024,FQ2,2025-03
20250317,2025-03-17,2025,Q1,1,March,3,Mar,12,Monday,17,0,FY2024,FQ2,2025-03
20250318,2025-03-18,2025,Q1,1,March,3,Mar,12,Tuesday,18,0,FY2024,FQ2,2025-03
20250319,2025-03-19,2025,Q1,1,March,3,Mar,12,Wednesday,19,0,FY2024,FQ2,2025-03
20250320,2025-03-20,2025,Q1,1,March,3,Mar,12,Thursday,20,0,FY2024,FQ2,2025-03
20250321,2025-03-21,2025,Q1,1,March,3,Mar,12,Friday,21,0,FY2024,FQ2,2025-03
20250322,2025-03-22,2025,Q1,1,March,3,Mar,12,Saturday,22,1,FY2024,FQ2,2025-03
20250323,2025-03-23,2025,Q1,1,March,3,Mar,12,Sunday,23,1,FY2024,FQ2,2025-03
20250324,2025-03-24,2025,Q1,1,March,3,Mar,13,Monday,24,0,FY2024,FQ2,2025-03
20250325,2025-03-25,2025,Q1,1,March,3,Mar,13,Tuesday,25,0,FY2024,FQ2,2025-03
20250326,2025-03-26,2025,Q1,1,March,3,Mar,13,Wednesday,26,0,FY2024,FQ2,2025-03
20250327,2025-03-27,2025,Q1,1,March,3,Mar,13,Thursday,27,0,FY2024,FQ2,2025-03
20250328,2025-03-28,2025,Q1,1,March,3,Mar,13,Friday,28,0,FY2024,FQ2,2025-03
20250329,2025-03-29,2025,Q1,1,March,3,Mar,13,Saturday,29,1,FY2024,FQ2,2025-03
20250330,2025-03-30,2025,Q1,1,March,3,Mar,13,Sunday,30,1,FY2024,FQ2,2025-03
20250331,2025-03-31,2025,Q1,1,March,3,Mar,14,Monday,31,0,FY2024,FQ2,2025-03
20250401,2025-04-01,2025,Q2,2,April,4,Apr,14,Tuesday,1,0,FY2025,FQ3,2025-04
20250402,2025-04-02,2025,Q2,2,April,4,Apr,14,Wednesday,2,0,FY2025,FQ3,2025-04
20250403,2025-04-03,2025,Q2,2,April,4,Apr,14,Thursday,3,0,FY2025,FQ3,2025-04
20250404,2025-04-04,2025,Q2,2,April,4,Apr,14,Friday,4,0,FY2025,FQ3,2025-04
20250405,2025-04-05,2025,Q2,2,April,4,Apr,14,Saturday,5,1,FY2025,FQ3,2025-04
20250406,2025-04-06,2025,Q2,2,April,4,Apr,14,Sunday,6,1,FY2025,FQ3,2025-04
20250407,2025-04-07,2025,Q2,2,April,4,Apr,15,Monday,7,0,FY2025,FQ3,2025-04
20250408,2025-04-08,2025,Q2,2,April,4,Apr,15,Tuesday,8,0,FY2025,FQ3,2025-04
20250409,2025-04-09,2025,Q2,2,April,4,Apr,15,Wednesday,9,0,FY2025,FQ3,2025-04
20250410,2025-04-10,2025,Q2,2,April,4,Apr,15,Thursday,10,0,FY2025,FQ3,2025-04
20250411,2025-04-11,2025,Q2,2,April,4,Apr,15,Friday,11,0,FY2025,FQ3,2025-04
20250412,2025-04-12,2025,Q2,2,April,4,Apr,15,Saturday,12,1,FY2025,FQ3,2025-04
20250413,2025-04-13,2025,Q2,2,April,4,Apr,15,Sunday,13,1,FY2025,FQ3,2025-04
20250414,2025-04-14,2025,Q2,2,April,4,Apr,16,Monday,14,0,FY2025,FQ3,2025-04
20250415,2025-04-15,2025,Q2,2,April,4,Apr,16,Tuesday,15,0,FY2025,FQ3,2025-04
20250416,2025-04-16,2025,Q2,2,April,4,Apr,16,Wednesday,16,0,FY2025,FQ3,2025-04
20250417,2025-04-17,2025,Q2,2,April,4,Apr,16,Thursday,17,0,FY2025,FQ3,2025-04
20250418,2025-04-18,2025,Q2,2,April,4,Apr,16,Friday,18,0,FY2025,FQ3,2025-04
20250419,2025-04-19,2025,Q2,2,April,4,Apr,16,Saturday,19,1,FY2025,FQ3,2025-04
20250420,2025-04-20,2025,Q2,2,April,4,Apr,16,Sunday,20,1,FY2025,FQ3,2025-04
20250421,2025-04-21,2025,Q2,2,April,4,Apr,17,Monday,21,0,FY2025,FQ3,2025-04
20250422,2025-04-22,2025,Q2,2,April,4,Apr,17,Tuesday,22,0,FY2025,FQ3,2025-04
20250423,2025-04-23,2025,Q2,2,April,4,Apr,17,Wednesday,23,0,FY2025,FQ3,2025-04
20250424,2025-04-24,2025,Q2,2,April,4,Apr,17,Thursday,24,0,FY2025,FQ3,2025-04
20250425,2025-04-25,2025,Q2,2,April,4,Apr,17,Friday,25,0,FY2025,FQ3,2025-04
20250426,2025-04-26,2025,Q2,2,April,4,Apr,17,Saturday,26,1,FY2025,FQ3,2025-04
20250427,2025-04-27,2025,Q2,2,April,4,Apr,17,Sunday,27,1,FY2025,FQ3,2025-04
20250428,2025-04-28,2025,Q2,2,April,4,Apr,18,Monday,28,0,FY2025,FQ3,2025-04
20250429,2025-04-29,2025,Q2,2,April,4,Apr,18,Tuesday,29,0,FY2025,FQ3,2025-04
20250430,2025-04-30,2025,Q2,2,April,4,Apr,18,Wednesday,30,0,FY2025,FQ3,2025-04
20250501,2025-05-01,2025,Q2,2,May,5,May,18,Thursday,1,0,FY2025,FQ3,2025-05
20250502,2025-05-02,2025,Q2,2,May,5,May,18,Friday,2,0,FY2025,FQ3,2025-05
20250503,2025-05-03,2025,Q2,2,May,5,May,18,Saturday,3,1,FY2025,FQ3,2025-05
20250504,2025-05-04,2025,Q2,2,May,5,May,18,Sunday,4,1,FY2025,FQ3,2025-05
20250505,2025-05-05,2025,Q2,2,May,5,May,19,Monday,5,0,FY2025,FQ3,2025-05
20250506,2025-05-06,2025,Q2,2,May,5,May,19,Tuesday,6,0,FY2025,FQ3,2025-05
20250507,2025-05-07,2025,Q2,2,May,5,May,19,Wednesday,7,0,FY2025,FQ3,2025-05
20250508,2025-05-08,2025,Q2,2,May,5,May,19,Thursday,8,0,FY2025,FQ3,2025-05
20250509,2025-05-09,2025,Q2,2,May,5,May,19,Friday,9,0,FY2025,FQ3,2025-05
20250510,2025-05-10,2025,Q2,2,May,5,May,19,Saturday,10,1,FY2025,FQ3,2025-05
20250511,2025-05-11,2025,Q2,2,May,5,May,19,Sunday,11,1,FY2025,FQ3,2025-05
20250512,2025-05-12,2025,Q2,2,May,5,May,20,Monday,12,0,FY2025,FQ3,2025-05
20250513,2025-05-13,2025,Q2,2,May,5,May,20,Tuesday,13,0,FY2025,FQ3,2025-05
20250514,2025-05-14,2025,Q2,2,May,5,May,20,Wednesday,14,0,FY2025,FQ3,2025-05
20250515,2025-05-15,2025,Q2,2,May,5,May,20,Thursday,15,0,FY2025,FQ3,2025-05
20250516,2025-05-16,2025,Q2,2,May,5,May,20,Friday,16,0,FY2025,FQ3,2025-05
20250517,2025-05-17,2025,Q2,2,May,5,May,20,Saturday,17,1,FY2025,FQ3,2025-05
20250518,2025-05-18,2025,Q2,2,May,5,May,20,Sunday,18,1,FY2025,FQ3,2025-05
20250519,2025-05-19,2025,Q2,2,May,5,May,21,Monday,19,0,FY2025,FQ3,2025-05
20250520,2025-05-20,2025,Q2,2,May,5,May,21,Tuesday,20,0,FY2025,FQ3,2025-05
20250521,2025-05-21,2025,Q2,2,May,5,May,21,Wednesday,21,0,FY2025,FQ3,2025-05
20250522,2025-05-22,2025,Q2,2,May,5,May,21,Thursday,22,0,FY2025,FQ3,2025-05
20250523,2025-05-23,2025,Q2,2,May,5,May,21,Friday,23,0,FY2025,FQ3,2025-05
20250524,2025-05-24,2025,Q2,2,May,5,May,21,Saturday,24,1,FY2025,FQ3,2025-05
20250525,2025-05-25,2025,Q2,2,May,5,May,21,Sunday,25,1,FY2025,FQ3,2025-05
20250526,2025-05-26,2025,Q2,2,May,5,May,22,Monday,26,0,FY2025,FQ3,2025-05
20250527,2025-05-27,2025,Q2,2,May,5,May,22,Tuesday,27,0,FY2025,FQ3,2025-05
20250528,2025-05-28,2025,Q2,2,May,5,May,22,Wednesday,28,0,FY2025,FQ3,2025-05
20250529,2025-05-29,2025,Q2,2,May,5,May,22,Thursday,29,0,FY2025,FQ3,2025-05
20250530,2025-05-30,2025,Q2,2,May,5,May,22,Friday,30,0,FY2025,FQ3,2025-05
20250531,2025-05-31,2025,Q2,2,May,5,May,22,Saturday,31,1,FY2025,FQ3,2025-05
20250601,2025-06-01,2025,Q2,2,June,6,Jun,22,Sunday,1,1,FY2025,FQ3,2025-06
20250602,2025-06-02,2025,Q2,2,June,6,Jun,23,Monday,2,0,FY2025,FQ3,2025-06
20250603,2025-06-03,2025,Q2,2,June,6,Jun,23,Tuesday,3,0,FY2025,FQ3,2025-06
20250604,2025-06-04,2025,Q2,2,June,6,Jun,23,Wednesday,4,0,FY2025,FQ3,2025-06
20250605,2025-06-05,2025,Q2,2,June,6,Jun,23,Thursday,5,0,FY2025,FQ3,2025-06
20250606,2025-06-06,2025,Q2,2,June,6,Jun,23,Friday,6,0,FY2025,FQ3,2025-06
20250607,2025-06-07,2025,Q2,2,June,6,Jun,23,Saturday,7,1,FY2025,FQ3,2025-06
20250608,2025-06-08,2025,Q2,2,June,6,Jun,23,Sunday,8,1,FY2025,FQ3,2025-06
20250609,2025-06-09,2025,Q2,2,June,6,Jun,24,Monday,9,0,FY2025,FQ3,2025-06
20250610,2025-06-10,2025,Q2,2,June,6,Jun,24,Tuesday,10,0,FY2025,FQ3,2025-06
20250611,2025-06-11,2025,Q2,2,June,6,Jun,24,Wednesday,11,0,FY2025,FQ3,2025-06
20250612,2025-06-12,2025,Q2,2,June,6,Jun,24,Thursday,12,0,FY2025,FQ3,2025-06
20250613,2025-06-13,2025,Q2,2,June,6,Jun,24,Friday,13,0,FY2025,FQ3,2025-06
20250614,2025-06-14,2025,Q2,2,June,6,Jun,24,Saturday,14,1,FY2025,FQ3,2025-06
20250615,2025-06-15,2025,Q2,2,June,6,Jun,24,Sunday,15,1,FY2025,FQ3,2025-06
20250616,2025-06-16,2025,Q2,2,June,6,Jun,25,Monday,16,0,FY2025,FQ3,2025-06
20250617,2025-06-17,2025,Q2,2,June,6,Jun,25,Tuesday,17,0,FY2025,FQ3,2025-06
20250618,2025-06-18,2025,Q2,2,June,6,Jun,25,Wednesday,18,0,FY2025,FQ3,2025-06
20250619,2025-06-19,2025,Q2,2,June,6,Jun,25,Thursday,19,0,FY2025,FQ3,2025-06
20250620,2025-06-20,2025,Q2,2,June,6,Jun,25,Friday,20,0,FY2025,FQ3,2025-06
20250621,2025-06-21,2025,Q2,2,June,6,Jun,25,Saturday,21,1,FY2025,FQ3,2025-06
20250622,2025-06-22,2025,Q2,2,June,6,Jun,25,Sunday,22,1,FY2025,FQ3,2025-06
20250623,2025-06-23,2025,Q2,2,June,6,Jun,26,Monday,23,0,FY2025,FQ3,2025-06
20250624,2025-06-24,2025,Q2,2,June,6,Jun,26,Tuesday,24,0,FY2025,FQ3,2025-06
20250625,2025-06-25,2025,Q2,2,June,6,Jun,26,Wednesday,25,0,FY2025,FQ3,2025-06
20250626,2025-06-26,2025,Q2,2,June,6,Jun,26,Thursday,26,0,FY2025,FQ3,2025-06
20250627,2025-06-27,2025,Q2,2,June,6,Jun,26,Friday,27,0,FY2025,FQ3,2025-06
20250628,2025-06-28,2025,Q2,2,June,6,Jun,26,Saturday,28,1,FY2025,FQ3,2025-06
20250629,2025-06-29,2025,Q2,2,June,6,Jun,26,Sunday,29,1,FY2025,FQ3,2025-06
20250630,2025-06-30,2025,Q2,2,June,6,Jun,27,Monday,30,0,FY2025,FQ3,2025-06
20250701,2025-07-01,2025,Q3,3,July,7,Jul,27,Tuesday,1,0,FY2025,FQ4,2025-07
20250702,2025-07-02,2025,Q3,3,July,7,Jul,27,Wednesday,2,0,FY2025,FQ4,2025-07
20250703,2025-07-03,2025,Q3,3,July,7,Jul,27,Thursday,3,0,FY2025,FQ4,2025-07
20250704,2025-07-04,2025,Q3,3,July,7,Jul,27,Friday,4,0,FY2025,FQ4,2025-07
20250705,2025-07-05,2025,Q3,3,July,7,Jul,27,Saturday,5,1,FY2025,FQ4,2025-07
20250706,2025-07-06,2025,Q3,3,July,7,Jul,27,Sunday,6,1,FY2025,FQ4,2025-07
20250707,2025-07-07,2025,Q3,3,July,7,Jul,28,Monday,7,0,FY2025,FQ4,2025-07
20250708,2025-07-08,2025,Q3,3,July,7,Jul,28,Tuesday,8,0,FY2025,FQ4,2025-07
20250709,2025-07-09,2025,Q3,3,July,7,Jul,28,Wednesday,9,0,FY2025,FQ4,2025-07
20250710,2025-07-10,2025,Q3,3,July,7,Jul,28,Thursday,10,0,FY2025,FQ4,2025-07
20250711,2025-07-11,2025,Q3,3,July,7,Jul,28,Friday,11,0,FY2025,FQ4,2025-07
20250712,2025-07-12,2025,Q3,3,July,7,Jul,28,Saturday,12,1,FY2025,FQ4,2025-07
20250713,2025-07-13,2025,Q3,3,July,7,Jul,28,Sunday,13,1,FY2025,FQ4,2025-07
20250714,2025-07-14,2025,Q3,3,July,7,Jul,29,Monday,14,0,FY2025,FQ4,2025-07
20250715,2025-07-15,2025,Q3,3,July,7,Jul,29,Tuesday,15,0,FY2025,FQ4,2025-07
20250716,2025-07-16,2025,Q3,3,July,7,Jul,29,Wednesday,16,0,FY2025,FQ4,2025-07
20250717,2025-07-17,2025,Q3,3,July,7,Jul,29,Thursday,17,0,FY2025,FQ4,2025-07
20250718,2025-07-18,2025,Q3,3,July,7,Jul,29,Friday,18,0,FY2025,FQ4,2025-07
20250719,2025-07-19,2025,Q3,3,July,7,Jul,29,Saturday,19,1,FY2025,FQ4,2025-07
20250720,2025-07-20,2025,Q3,3,July,7,Jul,29,Sunday,20,1,FY2025,FQ4,2025-07
20250721,2025-07-21,2025,Q3,3,July,7,Jul,30,Monday,21,0,FY2025,FQ4,2025-07
20250722,2025-07-22,2025,Q3,3,July,7,Jul,30,Tuesday,22,0,FY2025,FQ4,2025-07
20250723,2025-07-23,2025,Q3,3,July,7,Jul,30,Wednesday,23,0,FY2025,FQ4,2025-07
20250724,2025-07-24,2025,Q3,3,July,7,Jul,30,Thursday,24,0,FY2025,FQ4,2025-07
20250725,2025-07-25,2025,Q3,3,July,7,Jul,30,Friday,25,0,FY2025,FQ4,2025-07
20250726,2025-07-26,2025,Q3,3,July,7,Jul,30,Saturday,26,1,FY2025,FQ4,2025-07
20250727,2025-07-27,2025,Q3,3,July,7,Jul,30,Sunday,27,1,FY2025,FQ4,2025-07
20250728,2025-07-28,2025,Q3,3,July,7,Jul,31,Monday,28,0,FY2025,FQ4,2025-07
20250729,2025-07-29,2025,Q3,3,July,7,Jul,31,Tuesday,29,0,FY2025,FQ4,2025-07
20250730,2025-07-30,2025,Q3,3,July,7,Jul,31,Wednesday,30,0,FY2025,FQ4,2025-07
20250731,2025-07-31,2025,Q3,3,July,7,Jul,31,Thursday,31,0,FY2025,FQ4,2025-07
20250801,2025-08-01,2025,Q3,3,August,8,Aug,31,Friday,1,0,FY2025,FQ4,2025-08
20250802,2025-08-02,2025,Q3,3,August,8,Aug,31,Saturday,2,1,FY2025,FQ4,2025-08
20250803,2025-08-03,2025,Q3,3,August,8,Aug,31,Sunday,3,1,FY2025,FQ4,2025-08
20250804,2025-08-04,2025,Q3,3,August,8,Aug,32,Monday,4,0,FY2025,FQ4,2025-08
20250805,2025-08-05,2025,Q3,3,August,8,Aug,32,Tuesday,5,0,FY2025,FQ4,2025-08
20250806,2025-08-06,2025,Q3,3,August,8,Aug,32,Wednesday,6,0,FY2025,FQ4,2025-08
20250807,2025-08-07,2025,Q3,3,August,8,Aug,32,Thursday,7,0,FY2025,FQ4,2025-08
20250808,2025-08-08,2025,Q3,3,August,8,Aug,32,Friday,8,0,FY2025,FQ4,2025-08
20250809,2025-08-09,2025,Q3,3,August,8,Aug,32,Saturday,9,1,FY2025,FQ4,2025-08
20250810,2025-08-10,2025,Q3,3,August,8,Aug,32,Sunday,10,1,FY2025,FQ4,2025-08
20250811,2025-08-11,2025,Q3,3,August,8,Aug,33,Monday,11,0,FY2025,FQ4,2025-08
20250812,2025-08-12,2025,Q3,3,August,8,Aug,33,Tuesday,12,0,FY2025,FQ4,2025-08
20250813,2025-08-13,2025,Q3,3,August,8,Aug,33,Wednesday,13,0,FY2025,FQ4,2025-08
20250814,2025-08-14,2025,Q3,3,August,8,Aug,33,Thursday,14,0,FY2025,FQ4,2025-08
20250815,2025-08-15,2025,Q3,3,August,8,Aug,33,Friday,15,0,FY2025,FQ4,2025-08
20250816,2025-08-16,2025,Q3,3,August,8,Aug,33,Saturday,16,1,FY2025,FQ4,2025-08
20250817,2025-08-17,2025,Q3,3,August,8,Aug,33,Sunday,17,1,FY2025,FQ4,2025-08
20250818,2025-08-18,2025,Q3,3,August,8,Aug,34,Monday,18,0,FY2025,FQ4,2025-08
20250819,2025-08-19,2025,Q3,3,August,8,Aug,34,Tuesday,19,0,FY2025,FQ4,2025-08
20250820,2025-08-20,2025,Q3,3,August,8,Aug,34,Wednesday,20,0,FY2025,FQ4,2025-08
20250821,2025-08-21,2025,Q3,3,August,8,Aug,34,Thursday,21,0,FY2025,FQ4,2025-08
20250822,2025-08-22,2025,Q3,3,August,8,Aug,34,Friday,22,0,FY2025,FQ4,2025-08
20250823,2025-08-23,2025,Q3,3,August,8,Aug,34,Saturday,23,1,FY2025,FQ4,2025-08
20250824,2025-08-24,2025,Q3,3,August,8,Aug,34,Sunday,24,1,FY2025,FQ4,2025-08
20250825,2025-08-25,2025,Q3,3,August,8,Aug,35,Monday,25,0,FY2025,FQ4,2025-08
20250826,2025-08-26,2025,Q3,3,August,8,Aug,35,Tuesday,26,0,FY2025,FQ4,2025-08
20250827,2025-08-27,2025,Q3,3,August,8,Aug,35,Wednesday,27,0,FY2025,FQ4,2025-08
20250828,2025-08-28,2025,Q3,3,August,8,Aug,35,Thursday,28,0,FY2025,FQ4,2025-08
20250829,2025-08-29,2025,Q3,3,August,8,Aug,35,Friday,29,0,FY2025,FQ4,2025-08
20250830,2025-08-30,2025,Q3,3,August,8,Aug,35,Saturday,30,1,FY2025,FQ4,2025-08
20250831,2025-08-31,2025,Q3,3,August,8,Aug,35,Sunday,31,1,FY2025,FQ4,2025-08
20250901,2025-09-01,2025,Q3,3,September,9,Sep,36,Monday,1,0,FY2025,FQ4,2025-09
20250902,2025-09-02,2025,Q3,3,September,9,Sep,36,Tuesday,2,0,FY2025,FQ4,2025-09
20250903,2025-09-03,2025,Q3,3,September,9,Sep,36,Wednesday,3,0,FY2025,FQ4,2025-09
20250904,2025-09-04,2025,Q3,3,September,9,Sep,36,Thursday,4,0,FY2025,FQ4,2025-09
20250905,2025-09-05,2025,Q3,3,September,9,Sep,36,Friday,5,0,FY2025,FQ4,2025-09
20250906,2025-09-06,2025,Q3,3,September,9,Sep,36,Saturday,6,1,FY2025,FQ4,2025-09
20250907,2025-09-07,2025,Q3,3,September,9,Sep,36,Sunday,7,1,FY2025,FQ4,2025-09
20250908,2025-09-08,2025,Q3,3,September,9,Sep,37,Monday,8,0,FY2025,FQ4,2025-09
20250909,2025-09-09,2025,Q3,3,September,9,Sep,37,Tuesday,9,0,FY2025,FQ4,2025-09
20250910,2025-09-10,2025,Q3,3,September,9,Sep,37,Wednesday,10,0,FY2025,FQ4,2025-09
20250911,2025-09-11,2025,Q3,3,September,9,Sep,37,Thursday,11,0,FY2025,FQ4,2025-09
20250912,2025-09-12,2025,Q3,3,September,9,Sep,37,Friday,12,0,FY2025,FQ4,2025-09
20250913,2025-09-13,2025,Q3,3,September,9,Sep,37,Saturday,13,1,FY2025,FQ4,2025-09
20250914,2025-09-14,2025,Q3,3,September,9,Sep,37,Sunday,14,1,FY2025,FQ4,2025-09
20250915,2025-09-15,2025,Q3,3,September,9,Sep,38,Monday,15,0,FY2025,FQ4,2025-09
20250916,2025-09-16,2025,Q3,3,September,9,Sep,38,Tuesday,16,0,FY2025,FQ4,2025-09
20250917,2025-09-17,2025,Q3,3,September,9,Sep,38,Wednesday,17,0,FY2025,FQ4,2025-09
20250918,2025-09-18,2025,Q3,3,September,9,Sep,38,Thursday,18,0,FY2025,FQ4,2025-09
20250919,2025-09-19,2025,Q3,3,September,9,Sep,38,Friday,19,0,FY2025,FQ4,2025-09
20250920,2025-09-20,2025,Q3,3,September,9,Sep,38,Saturday,20,1,FY2025,FQ4,2025-09
20250921,2025-09-21,2025,Q3,3,September,9,Sep,38,Sunday,21,1,FY2025,FQ4,2025-09
20250922,2025-09-22,2025,Q3,3,September,9,Sep,39,Monday,22,0,FY2025,FQ4,2025-09
20250923,2025-09-23,2025,Q3,3,September,9,Sep,39,Tuesday,23,0,FY2025,FQ4,2025-09
20250924,2025-09-24,2025,Q3,3,September,9,Sep,39,Wednesday,24,0,FY2025,FQ4,2025-09
20250925,2025-09-25,2025,Q3,3,September,9,Sep,39,Thursday,25,0,FY2025,FQ4,2025-09
20250926,2025-09-26,2025,Q3,3,September,9,Sep,39,Friday,26,0,FY2025,FQ4,2025-09
20250927,2025-09-27,2025,Q3,3,September,9,Sep,39,Saturday,27,1,FY2025,FQ4,2025-09
20250928,2025-09-28,2025,Q3,3,September,9,Sep,39,Sunday,28,1,FY2025,FQ4,2025-09
20250929,2025-09-29,2025,Q3,3,September,9,Sep,40,Monday,29,0,FY2025,FQ4,2025-09
20250930,2025-09-30,2025,Q3,3,September,9,Sep,40,Tuesday,30,0,FY2025,FQ4,2025-09
20251001,2025-10-01,2025,Q4,4,October,10,Oct,40,Wednesday,1,0,FY2025,FQ1,2025-10
20251002,2025-10-02,2025,Q4,4,October,10,Oct,40,Thursday,2,0,FY2025,FQ1,2025-10
20251003,2025-10-03,2025,Q4,4,October,10,Oct,40,Friday,3,0,FY2025,FQ1,2025-10
20251004,2025-10-04,2025,Q4,4,October,10,Oct,40,Saturday,4,1,FY2025,FQ1,2025-10
20251005,2025-10-05,2025,Q4,4,October,10,Oct,40,Sunday,5,1,FY2025,FQ1,2025-10
20251006,2025-10-06,2025,Q4,4,October,10,Oct,41,Monday,6,0,FY2025,FQ1,2025-10
20251007,2025-10-07,2025,Q4,4,October,10,Oct,41,Tuesday,7,0,FY2025,FQ1,2025-10
20251008,2025-10-08,2025,Q4,4,October,10,Oct,41,Wednesday,8,0,FY2025,FQ1,2025-10
20251009,2025-10-09,2025,Q4,4,October,10,Oct,41,Thursday,9,0,FY2025,FQ1,2025-10
20251010,2025-10-10,2025,Q4,4,October,10,Oct,41,Friday,10,0,FY2025,FQ1,2025-10
20251011,2025-10-11,2025,Q4,4,October,10,Oct,41,Saturday,11,1,FY2025,FQ1,2025-10
20251012,2025-10-12,2025,Q4,4,October,10,Oct,41,Sunday,12,1,FY2025,FQ1,2025-10
20251013,2025-10-13,2025,Q4,4,October,10,Oct,42,Monday,13,0,FY2025,FQ1,2025-10
20251014,2025-10-14,2025,Q4,4,October,10,Oct,42,Tuesday,14,0,FY2025,FQ1,2025-10
20251015,2025-10-15,2025,Q4,4,October,10,Oct,42,Wednesday,15,0,FY2025,FQ1,2025-10
20251016,2025-10-16,2025,Q4,4,October,10,Oct,42,Thursday,16,0,FY2025,FQ1,2025-10
20251017,2025-10-17,2025,Q4,4,October,10,Oct,42,Friday,17,0,FY2025,FQ1,2025-10
20251018,2025-10-18,2025,Q4,4,October,10,Oct,42,Saturday,18,1,FY2025,FQ1,2025-10
20251019,2025-10-19,2025,Q4,4,October,10,Oct,42,Sunday,19,1,FY2025,FQ1,2025-10
20251020,2025-10-20,2025,Q4,4,October,10,Oct,43,Monday,20,0,FY2025,FQ1,2025-10
20251021,2025-10-21,2025,Q4,4,October,10,Oct,43,Tuesday,21,0,FY2025,FQ1,2025-10
20251022,2025-10-22,2025,Q4,4,October,10,Oct,43,Wednesday,22,0,FY2025,FQ1,2025-10
20251023,2025-10-23,2025,Q4,4,October,10,Oct,43,Thursday,23,0,FY2025,FQ1,2025-10
20251024,2025-10-24,2025,Q4,4,October,10,Oct,43,Friday,24,0,FY2025,FQ1,2025-10
20251025,2025-10-25,2025,Q4,4,October,10,Oct,43,Saturday,25,1,FY2025,FQ1,2025-10
20251026,2025-10-26,2025,Q4,4,October,10,Oct,43,Sunday,26,1,FY2025,FQ1,2025-10
20251027,2025-10-27,2025,Q4,4,October,10,Oct,44,Monday,27,0,FY2025,FQ1,2025-10
20251028,2025-10-28,2025,Q4,4,October,10,Oct,44,Tuesday,28,0,FY2025,FQ1,2025-10
20251029,2025-10-29,2025,Q4,4,October,10,Oct,44,Wednesday,29,0,FY2025,FQ1,2025-10
20251030,2025-10-30,2025,Q4,4,October,10,Oct,44,Thursday,30,0,FY2025,FQ1,2025-10
20251031,2025-10-31,2025,Q4,4,October,10,Oct,44,Friday,31,0,FY2025,FQ1,2025-10
20251101,2025-11-01,2025,Q4,4,November,11,Nov,44,Saturday,1,1,FY2025,FQ1,2025-11
20251102,2025-11-02,2025,Q4,4,November,11,Nov,44,Sunday,2,1,FY2025,FQ1,2025-11
20251103,2025-11-03,2025,Q4,4,November,11,Nov,45,Monday,3,0,FY2025,FQ1,2025-11
20251104,2025-11-04,2025,Q4,4,November,11,Nov,45,Tuesday,4,0,FY2025,FQ1,2025-11
20251105,2025-11-05,2025,Q4,4,November,11,Nov,45,Wednesday,5,0,FY2025,FQ1,2025-11
20251106,2025-11-06,2025,Q4,4,November,11,Nov,45,Thursday,6,0,FY2025,FQ1,2025-11
20251107,2025-11-07,2025,Q4,4,November,11,Nov,45,Friday,7,0,FY2025,FQ1,2025-11
20251108,2025-11-08,2025,Q4,4,November,11,Nov,45,Saturday,8,1,FY2025,FQ1,2025-11
20251109,2025-11-09,2025,Q4,4,November,11,Nov,45,Sunday,9,1,FY2025,FQ1,2025-11
20251110,2025-11-10,2025,Q4,4,November,11,Nov,46,Monday,10,0,FY2025,FQ1,2025-11
20251111,2025-11-11,2025,Q4,4,November,11,Nov,46,Tuesday,11,0,FY2025,FQ1,2025-11
20251112,2025-11-12,2025,Q4,4,November,11,Nov,46,Wednesday,12,0,FY2025,FQ1,2025-11
20251113,2025-11-13,2025,Q4,4,November,11,Nov,46,Thursday,13,0,FY2025,FQ1,2025-11
20251114,2025-11-14,2025,Q4,4,November,11,Nov,46,Friday,14,0,FY2025,FQ1,2025-11
20251115,2025-11-15,2025,Q4,4,November,11,Nov,46,Saturday,15,1,FY2025,FQ1,2025-11
20251116,2025-11-16,2025,Q4,4,November,11,Nov,46,Sunday,16,1,FY2025,FQ1,2025-11
20251117,2025-11-17,2025,Q4,4,November,11,Nov,47,Monday,17,0,FY2025,FQ1,2025-11
20251118,2025-11-18,2025,Q4,4,November,11,Nov,47,Tuesday,18,0,FY2025,FQ1,2025-11
20251119,2025-11-19,2025,Q4,4,November,11,Nov,47,Wednesday,19,0,FY2025,FQ1,2025-11
20251120,2025-11-20,2025,Q4,4,November,11,Nov,47,Thursday,20,0,FY2025,FQ1,2025-11
20251121,2025-11-21,2025,Q4,4,November,11,Nov,47,Friday,21,0,FY2025,FQ1,2025-11
20251122,2025-11-22,2025,Q4,4,November,11,Nov,47,Saturday,22,1,FY2025,FQ1,2025-11
20251123,2025-11-23,2025,Q4,4,November,11,Nov,47,Sunday,23,1,FY2025,FQ1,2025-11
20251124,2025-11-24,2025,Q4,4,November,11,Nov,48,Monday,24,0,FY2025,FQ1,2025-11
20251125,2025-11-25,2025,Q4,4,November,11,Nov,48,Tuesday,25,0,FY2025,FQ1,2025-11
20251126,2025-11-26,2025,Q4,4,November,11,Nov,48,Wednesday,26,0,FY2025,FQ1,2025-11
20251127,2025-11-27,2025,Q4,4,November,11,Nov,48,Thursday,27,0,FY2025,FQ1,2025-11
20251128,2025-11-28,2025,Q4,4,November,11,Nov,48,Friday,28,0,FY2025,FQ1,2025-11
20251129,2025-11-29,2025,Q4,4,November,11,Nov,48,Saturday,29,1,FY2025,FQ1,2025-11
20251130,2025-11-30,2025,Q4,4,November,11,Nov,48,Sunday,30,1,FY2025,FQ1,2025-11
20251201,2025-12-01,2025,Q4,4,December,12,Dec,49,Monday,1,0,FY2025,FQ1,2025-12
20251202,2025-12-02,2025,Q4,4,December,12,Dec,49,Tuesday,2,0,FY2025,FQ1,2025-12
20251203,2025-12-03,2025,Q4,4,December,12,Dec,49,Wednesday,3,0,FY2025,FQ1,2025-12
20251204,2025-12-04,2025,Q4,4,December,12,Dec,49,Thursday,4,0,FY2025,FQ1,2025-12
20251205,2025-12-05,2025,Q4,4,December,12,Dec,49,Friday,5,0,FY2025,FQ1,2025-12
20251206,2025-12-06,2025,Q4,4,December,12,Dec,49,Saturday,6,1,FY2025,FQ1,2025-12
20251207,2025-12-07,2025,Q4,4,December,12,Dec,49,Sunday,7,1,FY2025,FQ1,2025-12
20251208,2025-12-08,2025,Q4,4,December,12,Dec,50,Monday,8,0,FY2025,FQ1,2025-12
20251209,2025-12-09,2025,Q4,4,December,12,Dec,50,Tuesday,9,0,FY2025,FQ1,2025-12
20251210,2025-12-10,2025,Q4,4,December,12,Dec,50,Wednesday,10,0,FY2025,FQ1,2025-12
20251211,2025-12-11,2025,Q4,4,December,12,Dec,50,Thursday,11,0,FY2025,FQ1,2025-12
20251212,2025-12-12,2025,Q4,4,December,12,Dec,50,Friday,12,0,FY2025,FQ1,2025-12
20251213,2025-12-13,2025,Q4,4,December,12,Dec,50,Saturday,13,1,FY2025,FQ1,2025-12
20251214,2025-12-14,2025,Q4,4,December,12,Dec,50,Sunday,14,1,FY2025,FQ1,2025-12
20251215,2025-12-15,2025,Q4,4,December,12,Dec,51,Monday,15,0,FY2025,FQ1,2025-12
20251216,2025-12-16,2025,Q4,4,December,12,Dec,51,Tuesday,16,0,FY2025,FQ1,2025-12
20251217,2025-12-17,2025,Q4,4,December,12,Dec,51,Wednesday,17,0,FY2025,FQ1,2025-12
20251218,2025-12-18,2025,Q4,4,December,12,Dec,51,Thursday,18,0,FY2025,FQ1,2025-12
20251219,2025-12-19,2025,Q4,4,December,12,Dec,51,Friday,19,0,FY2025,FQ1,2025-12
20251220,2025-12-20,2025,Q4,4,December,12,Dec,51,Saturday,20,1,FY2025,FQ1,2025-12
20251221,2025-12-21,2025,Q4,4,December,12,Dec,51,Sunday,21,1,FY2025,FQ1,2025-12
20251222,2025-12-22,2025,Q4,4,December,12,Dec,52,Monday,22,0,FY2025,FQ1,2025-12
20251223,2025-12-23,2025,Q4,4,December,12,Dec,52,Tuesday,23,0,FY2025,FQ1,2025-12
20251224,2025-12-24,2025,Q4,4,December,12,Dec,52,Wednesday,24,0,FY2025,FQ1,2025-12
20251225,2025-12-25,2025,Q4,4,December,12,Dec,52,Thursday,25,0,FY2025,FQ1,2025-12
20251226,2025-12-26,2025,Q4,4,December,12,Dec,52,Friday,26,0,FY2025,FQ1,2025-12
20251227,2025-12-27,2025,Q4,4,December,12,Dec,52,Saturday,27,1,FY2025,FQ1,2025-12
20251228,2025-12-28,2025,Q4,4,December,12,Dec,52,Sunday,28,1,FY2025,FQ1,2025-12
20251229,2025-12-29,2025,Q4,4,December,12,Dec,1,Monday,29,0,FY2025,FQ1,2025-12
20251230,2025-12-30,2025,Q4,4,December,12,Dec,1,Tuesday,30,0,FY2025,FQ1,2025-12
20251231,2025-12-31,2025,Q4,4,December,12,Dec,1,Wednesday,31,0,FY2025,FQ1,2025-12
